{"downloaded": true, "htmlmade": false, "id": "36888715", "source": "MED", "pmid": "36888715", "pmcid": "PMC9995037", "fullTextIdList": {"fullTextId": "PMC9995037"}, "doi": "10.1126/sciadv.adf7209", "title": "Continental drift shifts tropical rainfall by altering radiation and ocean heat transport.", "authorString": "Han J, Nie J, Hu Y, Boos WR, Liu Y, Yang J, Yuan S, Li X, Guo J, Lan J, Lin Q, Bao X, Wei M, Li Z, Man K, Yin Z.", "authorList": {"author": [{"fullName": "Han J", "firstName": "Jing", "lastName": "Han", "initials": "J", "authorId": {"@type": "ORCID", "#text": "0000-0002-3717-0199"}, "authorAffiliationDetailsList": {"authorAffiliation": {"affiliation": "Laboratory for Climate and Ocean-Atmosphere Studies, Department of Atmospheric and Oceanic Sciences, School of Physics, Peking University, Beijing, China."}}}, {"fullName": "Nie J", "firstName": "Ji", "lastName": "Nie", "initials": "J", "authorId": {"@type": "ORCID", "#text": "0000-0002-9829-8604"}, "authorAffiliationDetailsList": {"authorAffiliation": {"affiliation": "Laboratory for Climate and Ocean-Atmosphere Studies, Department of Atmospheric and Oceanic Sciences, School of Physics, Peking University, Beijing, China."}}}, {"fullName": "Hu Y", "firstName": "Yongyun", "lastName": "Hu", "initials": "Y", "authorId": {"@type": "ORCID", "#text": "0000-0002-4003-4630"}, "authorAffiliationDetailsList": {"authorAffiliation": {"affiliation": "Laboratory for Climate and Ocean-Atmosphere Studies, Department of Atmospheric and Oceanic Sciences, School of Physics, Peking University, Beijing, China."}}}, {"fullName": "Boos WR", "firstName": "William R", "lastName": "Boos", "initials": "WR", "authorId": {"@type": "ORCID", "#text": "0000-0001-9076-3551"}, "authorAffiliationDetailsList": {"authorAffiliation": {"affiliation": "Department of Earth and Planetary Science, University of California, Berkeley, Berkeley, CA, USA."}}}, {"fullName": "Liu Y", "firstName": "Yonggang", "lastName": "Liu", "initials": "Y", "authorId": {"@type": "ORCID", "#text": "0000-0001-8844-2185"}, "authorAffiliationDetailsList": {"authorAffiliation": {"affiliation": "Laboratory for Climate and Ocean-Atmosphere Studies, Department of Atmospheric and Oceanic Sciences, School of Physics, Peking University, Beijing, China."}}}, {"fullName": "Yang J", "firstName": "Jun", "lastName": "Yang", "initials": "J", "authorId": {"@type": "ORCID", "#text": "0000-0001-6031-2485"}, "authorAffiliationDetailsList": {"authorAffiliation": {"affiliation": "Laboratory for Climate and Ocean-Atmosphere Studies, Department of Atmospheric and Oceanic Sciences, School of Physics, Peking University, Beijing, China."}}}, {"fullName": "Yuan S", "firstName": "Shuai", "lastName": "Yuan", "initials": "S", "authorId": {"@type": "ORCID", "#text": "0000-0002-8154-4899"}, "authorAffiliationDetailsList": {"authorAffiliation": {"affiliation": "Laboratory for Climate and Ocean-Atmosphere Studies, Department of Atmospheric and Oceanic Sciences, School of Physics, Peking University, Beijing, China."}}}, {"fullName": "Li X", "firstName": "Xiang", "lastName": "Li", "initials": "X", "authorId": {"@type": "ORCID", "#text": "0000-0001-8670-9499"}, "authorAffiliationDetailsList": {"authorAffiliation": {"affiliation": "Laboratory for Climate and Ocean-Atmosphere Studies, Department of Atmospheric and Oceanic Sciences, School of Physics, Peking University, Beijing, China."}}}, {"fullName": "Guo J", "firstName": "Jiaqi", "lastName": "Guo", "initials": "J", "authorAffiliationDetailsList": {"authorAffiliation": {"affiliation": "Laboratory for Climate and Ocean-Atmosphere Studies, Department of Atmospheric and Oceanic Sciences, School of Physics, Peking University, Beijing, China."}}}, {"fullName": "Lan J", "firstName": "Jiawenjing", "lastName": "Lan", "initials": "J", "authorId": {"@type": "ORCID", "#text": "0000-0001-5206-9198"}, "authorAffiliationDetailsList": {"authorAffiliation": {"affiliation": "Laboratory for Climate and Ocean-Atmosphere Studies, Department of Atmospheric and Oceanic Sciences, School of Physics, Peking University, Beijing, China."}}}, {"fullName": "Lin Q", "firstName": "Qifan", "lastName": "Lin", "initials": "Q", "authorAffiliationDetailsList": {"authorAffiliation": {"affiliation": "Laboratory for Climate and Ocean-Atmosphere Studies, Department of Atmospheric and Oceanic Sciences, School of Physics, Peking University, Beijing, China."}}}, {"fullName": "Bao X", "firstName": "Xiujuan", "lastName": "Bao", "initials": "X", "authorId": {"@type": "ORCID", "#text": "0000-0003-3681-2089"}, "authorAffiliationDetailsList": {"authorAffiliation": {"affiliation": "Laboratory for Climate and Ocean-Atmosphere Studies, Department of Atmospheric and Oceanic Sciences, School of Physics, Peking University, Beijing, China."}}}, {"fullName": "Wei M", "firstName": "Mengyu", "lastName": "Wei", "initials": "M", "authorId": {"@type": "ORCID", "#text": "0000-0002-0588-6600"}, "authorAffiliationDetailsList": {"authorAffiliation": {"affiliation": "Laboratory for Climate and Ocean-Atmosphere Studies, Department of Atmospheric and Oceanic Sciences, School of Physics, Peking University, Beijing, China."}}}, {"fullName": "Li Z", "firstName": "Zhibo", "lastName": "Li", "initials": "Z", "authorId": {"@type": "ORCID", "#text": "0000-0001-9135-1583"}, "authorAffiliationDetailsList": {"authorAffiliation": {"affiliation": "Laboratory for Climate and Ocean-Atmosphere Studies, Department of Atmospheric and Oceanic Sciences, School of Physics, Peking University, Beijing, China."}}}, {"fullName": "Man K", "firstName": "Kai", "lastName": "Man", "initials": "K", "authorId": {"@type": "ORCID", "#text": "0000-0001-7026-1714"}, "authorAffiliationDetailsList": {"authorAffiliation": {"affiliation": "Laboratory for Climate and Ocean-Atmosphere Studies, Department of Atmospheric and Oceanic Sciences, School of Physics, Peking University, Beijing, China."}}}, {"fullName": "Yin Z", "firstName": "Zihan", "lastName": "Yin", "initials": "Z", "authorAffiliationDetailsList": {"authorAffiliation": {"affiliation": "Laboratory for Climate and Ocean-Atmosphere Studies, Department of Atmospheric and Oceanic Sciences, School of Physics, Peking University, Beijing, China."}}}]}, "authorIdList": {"authorId": [{"@type": "ORCID", "#text": "0000-0001-5206-9198"}, {"@type": "ORCID", "#text": "0000-0001-6031-2485"}, {"@type": "ORCID", "#text": "0000-0001-7026-1714"}, {"@type": "ORCID", "#text": "0000-0001-8670-9499"}, {"@type": "ORCID", "#text": "0000-0001-8844-2185"}, {"@type": "ORCID", "#text": "0000-0001-9076-3551"}, {"@type": "ORCID", "#text": "0000-0001-9135-1583"}, {"@type": "ORCID", "#text": "0000-0002-0588-6600"}, {"@type": "ORCID", "#text": "0000-0002-3717-0199"}, {"@type": "ORCID", "#text": "0000-0002-4003-4630"}, {"@type": "ORCID", "#text": "0000-0002-8154-4899"}, {"@type": "ORCID", "#text": "0000-0002-9829-8604"}, {"@type": "ORCID", "#text": "0000-0003-3681-2089"}]}, "dataLinksTagsList": {"dataLinkstag": ["altmetrics", "supporting_data"]}, "journalInfo": {"issue": "10", "volume": "9", "journalIssueId": "3521644", "dateOfPublication": "2023 Mar", "monthOfPublication": "3", "yearOfPublication": "2023", "printPublicationDate": "2023-03-01", "journal": {"title": "Science advances", "ISOAbbreviation": "Sci Adv", "medlineAbbreviation": "Sci Adv", "NLMid": "101653440", "ISSN": "2375-2548", "ESSN": "2375-2548"}}, "pubYear": "2023", "pageInfo": "eadf7209", "abstractText": "Shifts in the position of the intertropical convergence zone (ITCZ) have great importance for weather, climate, and society. The ITCZ shifts have been extensively studied in current and future warmer climate; however, little is known for its migration in the past on geological time scales. Using an ensemble of climate simulations over the past 540 million years, we show that ITCZ migrations are controlled primarily by continental configuration through two competing pathways: hemispheric radiation asymmetry and cross-equatorial ocean heat transport. The hemispheric asymmetry of absorbed solar radiation is produced mainly by land-ocean albedo contrast, which can be predicted using only the landmass distribution. The cross-equatorial ocean heat transport is strongly associated with the hemispheric asymmetry of surface wind stress, which is, in turn, controlled by the hemispheric asymmetry of ocean surface area. These results allow the influence of continental evolution on global ocean-atmosphere circulations to be understood through simple mechanisms that depend primarily on the latitudinal distribution of land.", "affiliation": "Laboratory for Climate and Ocean-Atmosphere Studies, Department of Atmospheric and Oceanic Sciences, School of Physics, Peking University, Beijing, China.", "publicationStatus": "ppublish", "language": "eng", "pubModel": "Print-Electronic", "pubTypeList": {"pubType": ["research-article", "Journal Article"]}, "subsetList": {"subset": {"code": "IM", "name": "Index Medicus"}}, "fullTextUrlList": {"fullTextUrl": [{"availability": "Subscription required", "availabilityCode": "S", "documentStyle": "doi", "site": "DOI", "url": "https://doi.org/10.1126/sciadv.adf7209"}, {"availability": "Open access", "availabilityCode": "OA", "documentStyle": "html", "site": "Europe_PMC", "url": "https://europepmc.org/articles/PMC9995037"}, {"availability": "Open access", "availabilityCode": "OA", "documentStyle": "pdf", "site": "Europe_PMC", "url": "https://europepmc.org/articles/PMC9995037?pdf=render"}]}, "isOpenAccess": "Y", "inEPMC": "Y", "inPMC": "Y", "hasPDF": "Y", "hasBook": "N", "hasSuppl": "Y", "citedByCount": "2", "hasData": "Y", "hasReferences": "Y", "hasTextMinedTerms": "Y", "hasDbCrossReferences": "N", "hasLabsLinks": "Y", "license": "cc by-nc", "hasEvaluations": "N", "authMan": "N", "epmcAuthMan": "N", "nihAuthMan": "N", "hasTMAccessionNumbers": "Y", "tmAccessionTypeList": {"accessionType": "doi"}, "dateOfCompletion": "2023-03-09", "dateOfCreation": "2023-03-08", "firstIndexDate": "2023-03-09", "fullTextReceivedDate": "2023-03-10", "dateOfRevision": "2023-03-11", "electronicPublicationDate": "2023-03-08", "firstPublicationDate": "2023-03-08"}