{"nextCursorMark": "AoIIQAZIIyg1MzA3MDIyMg==", "papers": {"PMC11655350": {"downloaded": true, "pdfdownloaded": true, "jsondownloaded": true, "csvmade": false, "htmlmade": false, "id": "39695211", "source": "MED", "pmid": "39695211", "pmcid": "PMC11655350", "fullTextIdList": {"fullTextId": "PMC11655350"}, "doi": "10.1038/s41586-024-08368-y", "title": "Record-low Antarctic sea ice in 2023 increased ocean heat loss and storms.", "authorString": "Josey SA, Meijers AJS, Blaker AT, Grist JP, Mecking J, Ayres HC.", "authorList": {"author": [{"fullName": "Josey SA", "firstName": "Simon A", "lastName": "Josey", "initials": "SA", "authorId": {"@type": "ORCID", "#text": "0000-0002-1683-8831"}, "authorAffiliationDetailsList": {"authorAffiliation": {"affiliation": "National Oceanography Centre, Southampton, UK. simon.josey@noc.ac.uk."}}}, {"fullName": "Meijers AJS", "firstName": "Andrew J S", "lastName": "Meijers", "initials": "AJS", "authorId": {"@type": "ORCID", "#text": "0000-0003-3876-7736"}, "authorAffiliationDetailsList": {"authorAffiliation": {"affiliation": "British Antarctic Survey, Cambridge, UK."}}}, {"fullName": "Blaker AT", "firstName": "Adam T", "lastName": "Blaker", "initials": "AT", "authorId": {"@type": "ORCID", "#text": "0000-0001-5454-0131"}, "authorAffiliationDetailsList": {"authorAffiliation": {"affiliation": "National Oceanography Centre, Southampton, UK."}}}, {"fullName": "Grist JP", "firstName": "Jeremy P", "lastName": "Grist", "initials": "JP", "authorId": {"@type": "ORCID", "#text": "0000-0003-1068-9211"}, "authorAffiliationDetailsList": {"authorAffiliation": {"affiliation": "National Oceanography Centre, Southampton, UK."}}}, {"fullName": "Mecking J", "firstName": "Jenny", "lastName": "Mecking", "initials": "J", "authorId": {"@type": "ORCID", "#text": "0000-0002-1834-1845"}, "authorAffiliationDetailsList": {"authorAffiliation": {"affiliation": "National Oceanography Centre, Southampton, UK."}}}, {"fullName": "Ayres HC", "firstName": "Holly C", "lastName": "Ayres", "initials": "HC", "authorId": {"@type": "ORCID", "#text": "0000-0003-0294-7620"}, "authorAffiliationDetailsList": {"authorAffiliation": [{"affiliation": "National Oceanography Centre, Southampton, UK."}, {"affiliation": "University of Reading, Reading, UK."}]}}]}, "authorIdList": {"authorId": [{"@type": "ORCID", "#text": "0000-0001-5454-0131"}, {"@type": "ORCID", "#text": "0000-0002-1683-8831"}, {"@type": "ORCID", "#text": "0000-0002-1834-1845"}, {"@type": "ORCID", "#text": "0000-0003-0294-7620"}, {"@type": "ORCID", "#text": "0000-0003-1068-9211"}, {"@type": "ORCID", "#text": "0000-0003-3876-7736"}]}, "dataLinksTagsList": {"dataLinkstag": "altmetrics"}, "journalInfo": {"issue": "8043", "volume": "636", "journalIssueId": "3871200", "dateOfPublication": "2024 Dec", "monthOfPublication": "12", "yearOfPublication": "2024", "printPublicationDate": "2024-12-01", "journal": {"title": "Nature", "ISOAbbreviation": "Nature", "medlineAbbreviation": "Nature", "NLMid": "0410462", "ISSN": "0028-0836", "ESSN": "1476-4687"}}, "pubYear": "2024", "pageInfo": "635-639", "abstractText": "Recent Antarctic sea-ice decline is a substantial source of concern, notably the record low in 2023 (ref.\u2009<sup>1</sup>). Progress has been made towards establishing the causes of ice loss<sup>1-5</sup> but uncertainty remains about its consequences for ocean-atmosphere interaction. Resolution of this uncertainty is important as ice decline can substantially alter surface heat loss and thus the ocean and atmosphere<sup>6</sup>. Here we show that the strongest winter 2023 ice-retraction regions provide an important new source of turbulent ocean heat loss to the atmosphere in wintertime. Ice concentration in these regions (located primarily in the Weddell, Bellingshausen and Ross seas) is reduced by up to 80% and is accompanied by an unprecedented doubling of mid-winter ocean heat loss. Also, there is a phase shift in the time of peak heat loss from late April to mid-June, with weaker than normal heat loss in austral autumn. The winter surface-heat-loss intensification is accompanied by substantial changes on both sides of the ocean-atmosphere interface. These include increases in atmospheric-storm frequency and surface-heat-loss-driven dense water formation, although the implications of the densification for broader processes such as Antarctic bottom water formation remain unclear. Our results reveal that the 2023 Antarctic sea-ice loss has substantially modified air-sea interaction in the Southern Ocean and motivate in-depth analysis of the wider climate-system impacts.", "affiliation": "National Oceanography Centre, Southampton, UK. simon.josey@noc.ac.uk.", "publicationStatus": "ppublish", "language": "eng", "pubModel": "Print-Electronic", "pubTypeList": {"pubType": ["research-article", "Journal Article"]}, "grantsList": {"grant": [{"grantId": "NE/W004933/1", "agency": "Natural Environment Research Council", "orderIn": "0"}, {"grantId": "bas0100033", "agency": "Natural Environment Research Council", "orderIn": "0"}]}, "subsetList": {"subset": {"code": "IM", "name": "Index Medicus"}}, "fullTextUrlList": {"fullTextUrl": [{"availability": "Subscription required", "availabilityCode": "S", "documentStyle": "doi", "site": "DOI", "url": "https://doi.org/10.1038/s41586-024-08368-y"}, {"availability": "Open access", "availabilityCode": "OA", "documentStyle": "html", "site": "Europe_PMC", "url": "https://europepmc.org/articles/PMC11655350"}, {"availability": "Open access", "availabilityCode": "OA", "documentStyle": "pdf", "site": "Europe_PMC", "url": "https://europepmc.org/articles/PMC11655350?pdf=render"}]}, "isOpenAccess": "Y", "inEPMC": "Y", "inPMC": "Y", "hasPDF": "Y", "hasBook": "N", "hasSuppl": "N", "citedByCount": "2", "hasData": "N", "hasReferences": "Y", "hasTextMinedTerms": "Y", "hasDbCrossReferences": "N", "hasLabsLinks": "Y", "license": "cc by", "hasEvaluations": "N", "authMan": "N", "epmcAuthMan": "N", "nihAuthMan": "N", "hasTMAccessionNumbers": "N", "dateOfCompletion": "2024-12-18", "dateOfCreation": "2024-12-18", "firstIndexDate": "2024-12-19", "fullTextReceivedDate": "2024-12-23", "dateOfRevision": "2025-01-06", "electronicPublicationDate": "2024-12-18", "firstPublicationDate": "2024-12-18"}, "PMC11414737": {"downloaded": true, "pdfdownloaded": true, "jsondownloaded": true, "csvmade": false, "htmlmade": false, "id": "39303032", "source": "MED", "pmid": "39303032", "pmcid": "PMC11414737", "fullTextIdList": {"fullTextId": "PMC11414737"}, "doi": "10.1126/sciadv.adp5156", "title": "Enhanced ocean heat storage efficiency during the last deglaciation.", "authorString": "Zhu C, Sanchez S, Liu Z, Clark PU, He C, Wan L, Lu J, Zhu C, Li L, Zhang S, Cheng L.", "authorList": {"author": [{"fullName": "Zhu C", "firstName": "Chenyu", "lastName": "Zhu", "initials": "C", "authorId": {"@type": "ORCID", "#text": "0000-0002-9330-4294"}, "authorAffiliationDetailsList": {"authorAffiliation": {"affiliation": "Earth System Numerical Simulation Science Center, Institute of Atmospheric Physics, Chinese Academy of Sciences, Beijing, China."}}}, {"fullName": "Sanchez S", "firstName": "Saray", "lastName": "Sanchez", "initials": "S", "authorId": {"@type": "ORCID", "#text": "0000-0002-7954-6932"}, "authorAffiliationDetailsList": {"authorAffiliation": {"affiliation": "College of Earth, Ocean, and Atmospheric Sciences, Oregon State University, Corvallis, OR 97331, USA."}}}, {"fullName": "Liu Z", "firstName": "Zhengyu", "lastName": "Liu", "initials": "Z", "authorId": {"@type": "ORCID", "#text": "0000-0003-4554-2666"}, "authorAffiliationDetailsList": {"authorAffiliation": [{"affiliation": "Department of Geography, Ohio State University, Columbus, OH 43210, USA."}, {"affiliation": "School of Geography Science, Nanjing Normal University, Nanjing, China."}]}}, {"fullName": "Clark PU", "firstName": "Peter U", "lastName": "Clark", "initials": "PU", "authorId": {"@type": "ORCID", "#text": "0000-0003-4752-6045"}, "authorAffiliationDetailsList": {"authorAffiliation": {"affiliation": "College of Earth, Ocean, and Atmospheric Sciences, Oregon State University, Corvallis, OR 97331, USA."}}}, {"fullName": "He C", "firstName": "Chengfei", "lastName": "He", "initials": "C", "authorId": {"@type": "ORCID", "#text": "0000-0003-1453-9691"}, "authorAffiliationDetailsList": {"authorAffiliation": {"affiliation": "Rosenstiel School of Marine, Atmospheric, and Earth Science, University of Miami, Miami, FL 33149, USA."}}}, {"fullName": "Wan L", "firstName": "Lingfeng", "lastName": "Wan", "initials": "L", "authorId": {"@type": "ORCID", "#text": "0000-0002-7758-8629"}, "authorAffiliationDetailsList": {"authorAffiliation": {"affiliation": "Frontier Science Center for Deep Ocean Multispheres and Earth System (DOMES), Institute for Advanced Ocean Study (IAOS) and Key Laboratory of Physical Oceanography, MOE (POL), Ocean University of China, Qingdao, China."}}}, {"fullName": "Lu J", "firstName": "Jiuyou", "lastName": "Lu", "initials": "J", "authorAffiliationDetailsList": {"authorAffiliation": {"affiliation": "Laoshan Laboratory, Qingdao, China."}}}, {"fullName": "Zhu C", "firstName": "Chenguang", "lastName": "Zhu", "initials": "C", "authorAffiliationDetailsList": {"authorAffiliation": {"affiliation": "School of Ocean Sciences, China University of Geosciences (Beijing), Beijing, China."}}}, {"fullName": "Li L", "firstName": "Lingwei", "lastName": "Li", "initials": "L", "authorId": {"@type": "ORCID", "#text": "0000-0002-1818-6080"}, "authorAffiliationDetailsList": {"authorAffiliation": [{"affiliation": "Department of Geography, Ohio State University, Columbus, OH 43210, USA."}, {"affiliation": "Institute of Arctic and Alpine Research, University of Colorado Boulder, Boulder, CO 80303, USA."}]}}, {"fullName": "Zhang S", "firstName": "Shaoqing", "lastName": "Zhang", "initials": "S", "authorId": {"@type": "ORCID", "#text": "0000-0001-6569-9842"}, "authorAffiliationDetailsList": {"authorAffiliation": {"affiliation": "Frontier Science Center for Deep Ocean Multispheres and Earth System (DOMES), Institute for Advanced Ocean Study (IAOS) and Key Laboratory of Physical Oceanography, MOE (POL), Ocean University of China, Qingdao, China."}}}, {"fullName": "Cheng L", "firstName": "Lijing", "lastName": "Cheng", "initials": "L", "authorId": {"@type": "ORCID", "#text": "0000-0002-9854-0392"}, "authorAffiliationDetailsList": {"authorAffiliation": [{"affiliation": "Earth System Numerical Simulation Science Center, Institute of Atmospheric Physics, Chinese Academy of Sciences, Beijing, China."}, {"affiliation": "International Center for Climate and Environment Sciences, Institute of Atmospheric Physics, Chinese Academy of Sciences, Beijing, China."}]}}]}, "authorIdList": {"authorId": [{"@type": "ORCID", "#text": "0000-0001-6569-9842"}, {"@type": "ORCID", "#text": "0000-0002-1818-6080"}, {"@type": "ORCID", "#text": "0000-0002-7758-8629"}, {"@type": "ORCID", "#text": "0000-0002-7954-6932"}, {"@type": "ORCID", "#text": "0000-0002-9330-4294"}, {"@type": "ORCID", "#text": "0000-0002-9854-0392"}, {"@type": "ORCID", "#text": "0000-0003-1453-9691"}, {"@type": "ORCID", "#text": "0000-0003-4554-2666"}, {"@type": "ORCID", "#text": "0000-0003-4752-6045"}]}, "dataLinksTagsList": {"dataLinkstag": ["altmetrics", "supporting_data"]}, "journalInfo": {"issue": "38", "volume": "10", "journalIssueId": "3830210", "dateOfPublication": "2024 Sep", "monthOfPublication": "9", "yearOfPublication": "2024", "printPublicationDate": "2024-09-01", "journal": {"title": "Science advances", "ISOAbbreviation": "Sci Adv", "medlineAbbreviation": "Sci Adv", "NLMid": "101653440", "ISSN": "2375-2548", "ESSN": "2375-2548"}}, "pubYear": "2024", "pageInfo": "eadp5156", "abstractText": "Proxy reconstructions suggest that increasing global mean sea surface temperature (GMSST) during the last deglaciation was accompanied by a comparable or greater increase in global mean ocean temperature (GMOT), corresponding to a large heat storage efficiency (HSE; \u2206GMOT/\u2206GMSST). An increased GMOT is commonly attributed to surface warming at sites of deepwater formation, but winter sea ice covered much of these source areas during the last deglaciation, which would imply an HSE much less than 1. Here, we use climate model simulations and proxy-based reconstructions of ocean temperature changes to show that an increased deglacial HSE is achieved by warming of intermediate-depth waters forced by mid-latitude surface warming in response to greenhouse gas and ice sheet forcing as well as by reduced Atlantic meridional overturning circulation associated with meltwater forcing. These results, which highlight the role of surface warming and oceanic circulation changes, have implications for our understanding of long-term ocean heat storage change.", "affiliation": "Earth System Numerical Simulation Science Center, Institute of Atmospheric Physics, Chinese Academy of Sciences, Beijing, China.", "publicationStatus": "ppublish", "language": "eng", "pubModel": "Print-Electronic", "pubTypeList": {"pubType": ["research-article", "Journal Article"]}, "subsetList": {"subset": {"code": "IM", "name": "Index Medicus"}}, "fullTextUrlList": {"fullTextUrl": [{"availability": "Subscription required", "availabilityCode": "S", "documentStyle": "doi", "site": "DOI", "url": "https://doi.org/10.1126/sciadv.adp5156"}, {"availability": "Open access", "availabilityCode": "OA", "documentStyle": "html", "site": "Europe_PMC", "url": "https://europepmc.org/articles/PMC11414737"}, {"availability": "Open access", "availabilityCode": "OA", "documentStyle": "pdf", "site": "Europe_PMC", "url": "https://europepmc.org/articles/PMC11414737?pdf=render"}]}, "isOpenAccess": "Y", "inEPMC": "Y", "inPMC": "Y", "hasPDF": "Y", "hasBook": "N", "hasSuppl": "Y", "citedByCount": "0", "hasData": "Y", "hasReferences": "Y", "hasTextMinedTerms": "Y", "hasDbCrossReferences": "N", "hasLabsLinks": "Y", "license": "cc by-nc", "hasEvaluations": "N", "authMan": "N", "epmcAuthMan": "N", "nihAuthMan": "N", "hasTMAccessionNumbers": "N", "dateOfCreation": "2024-09-20", "firstIndexDate": "2024-09-20", "fullTextReceivedDate": "2024-10-28", "dateOfRevision": "2024-09-22", "electronicPublicationDate": "2024-09-20", "firstPublicationDate": "2024-09-20"}, "PMC11586472": {"downloaded": true, "pdfdownloaded": true, "jsondownloaded": true, "csvmade": false, "htmlmade": false, "id": "39600917", "source": "MED", "pmid": "39600917", "pmcid": "PMC11586472", "fullTextIdList": {"fullTextId": "PMC11586472"}, "doi": "10.1029/2024ef004475", "title": "The Nonlinear and Distinct Responses of Ocean Heat Content and Anthropogenic Carbon to Ice Sheet Freshwater Discharge in a Warming Climate.", "authorString": "Gorte T, Lovenduski NS, Nissen C, Lenaerts JTM, Weiss JB.", "authorList": {"author": [{"fullName": "Gorte T", "firstName": "Tessa", "lastName": "Gorte", "initials": "T", "authorId": {"@type": "ORCID", "#text": "0000-0003-4875-260X"}, "authorAffiliationDetailsList": {"authorAffiliation": [{"affiliation": "Department of Atmospheric and Oceanic Sciences University of Colorado Boulder Boulder CO USA."}, {"affiliation": "Institute of Arctic and Alpine Research University of Colorado Boulder Boulder CO USA."}]}}, {"fullName": "Lovenduski NS", "firstName": "Nicole S", "lastName": "Lovenduski", "initials": "NS", "authorId": {"@type": "ORCID", "#text": "0000-0001-5893-1009"}, "authorAffiliationDetailsList": {"authorAffiliation": [{"affiliation": "Department of Atmospheric and Oceanic Sciences University of Colorado Boulder Boulder CO USA."}, {"affiliation": "Institute of Arctic and Alpine Research University of Colorado Boulder Boulder CO USA."}]}}, {"fullName": "Nissen C", "firstName": "Cara", "lastName": "Nissen", "initials": "C", "authorId": {"@type": "ORCID", "#text": "0000-0001-5804-3191"}, "authorAffiliationDetailsList": {"authorAffiliation": [{"affiliation": "Department of Atmospheric and Oceanic Sciences University of Colorado Boulder Boulder CO USA."}, {"affiliation": "Institute of Arctic and Alpine Research University of Colorado Boulder Boulder CO USA."}]}}, {"fullName": "Lenaerts JTM", "firstName": "Jan T M", "lastName": "Lenaerts", "initials": "JTM", "authorId": {"@type": "ORCID", "#text": "0000-0003-4309-4011"}, "authorAffiliationDetailsList": {"authorAffiliation": {"affiliation": "Department of Atmospheric and Oceanic Sciences University of Colorado Boulder Boulder CO USA."}}}, {"fullName": "Weiss JB", "firstName": "Jeffrey B", "lastName": "Weiss", "initials": "JB", "authorId": {"@type": "ORCID", "#text": "0000-0002-0706-861X"}, "authorAffiliationDetailsList": {"authorAffiliation": {"affiliation": "Department of Atmospheric and Oceanic Sciences University of Colorado Boulder Boulder CO USA."}}}]}, "authorIdList": {"authorId": [{"@type": "ORCID", "#text": "0000-0001-5804-3191"}, {"@type": "ORCID", "#text": "0000-0001-5893-1009"}, {"@type": "ORCID", "#text": "0000-0002-0706-861X"}, {"@type": "ORCID", "#text": "0000-0003-4309-4011"}, {"@type": "ORCID", "#text": "0000-0003-4875-260X"}]}, "dataLinksTagsList": {"dataLinkstag": ["altmetrics", "supporting_data"]}, "journalInfo": {"issue": "11", "volume": "12", "journalIssueId": "3858998", "dateOfPublication": "2024 Nov", "monthOfPublication": "11", "yearOfPublication": "2024", "printPublicationDate": "2024-11-01", "journal": {"title": "Earth's future", "ISOAbbreviation": "Earths Future", "medlineAbbreviation": "Earths Future", "NLMid": "101637948", "ISSN": "2328-4277", "ESSN": "2328-4277"}}, "pubYear": "2024", "pageInfo": "e2024EF004475", "abstractText": "Anthropogenic climate change will drive extensive mass loss across both the Antarctic (AIS) and Greenland Ice Sheets (GrIS), with the potential for global climate system feedbacks, especially in polar regions. Historically, the high-latitude North Atlantic and Southern Ocean have been critical regions for anthropogenic heat and carbon uptake, but our understanding of how this uptake will be altered by future freshwater discharge is incomplete. We assess each ice sheet's impact on global ocean anthropogenic heat and carbon storage for a high-emission scenario over the   21 st    -century using a coupled Earth system model. We explore the impact of contemporaneous mass loss from both ice sheets on anthropogenic heat and carbon storage and quantify their linear and nonlinear contributions. Notably, added freshwater reduces ocean heat and carbon storage by 2,100, and the sum of individual freshwater effects differ from those induced by simultaneous freshwater discharge from both ice sheets. Combined AIS and GrIS freshwater engenders distinct anthropogenic storage anomalies-particularly in the high-latitude Southern Ocean and North Atlantic. From 2080 to 2100, GrIS freshwater exerts primary control on the temporal evolution of global ocean heat storage, while global ocean carbon storage is modulated by the linear AIS and GrIS freshwater impacts. Nonlinear impacts of simultaneous ice sheet discharge have a non-negligible contribution to the evolution of global ocean heat storage. Further, anthropogenic heat changes are realized more quickly in response to ice sheet discharge than anthropogenic carbon. Our results highlight the need to incorporate both ice sheets actively in climate models to accurately project future global climate.", "affiliation": "Department of Atmospheric and Oceanic Sciences University of Colorado Boulder Boulder CO USA.", "publicationStatus": "ppublish", "language": "eng", "pubModel": "Print-Electronic", "pubTypeList": {"pubType": ["research-article", "Journal Article"]}, "grantsList": {"grant": {"agency": "University of Colorado Boulder", "orderIn": "0"}}, "keywordList": {"keyword": ["Antarctica", "Greenland", "Linearity", "Climate Model", "Ocean Heat Content", "Ocean Carbon Content"]}, "fullTextUrlList": {"fullTextUrl": [{"availability": "Subscription required", "availabilityCode": "S", "documentStyle": "doi", "site": "DOI", "url": "https://doi.org/10.1029/2024EF004475"}, {"availability": "Open access", "availabilityCode": "OA", "documentStyle": "html", "site": "Europe_PMC", "url": "https://europepmc.org/articles/PMC11586472"}, {"availability": "Open access", "availabilityCode": "OA", "documentStyle": "pdf", "site": "Europe_PMC", "url": "https://europepmc.org/articles/PMC11586472?pdf=render"}]}, "isOpenAccess": "Y", "inEPMC": "Y", "inPMC": "Y", "hasPDF": "Y", "hasBook": "N", "hasSuppl": "Y", "citedByCount": "0", "hasData": "Y", "hasReferences": "Y", "hasTextMinedTerms": "Y", "hasDbCrossReferences": "N", "hasLabsLinks": "Y", "license": "cc by", "hasEvaluations": "N", "authMan": "N", "epmcAuthMan": "N", "nihAuthMan": "N", "hasTMAccessionNumbers": "Y", "tmAccessionTypeList": {"accessionType": "doi"}, "dateOfCreation": "2024-11-27", "firstIndexDate": "2024-11-28", "fullTextReceivedDate": "2024-11-29", "dateOfRevision": "2024-11-28", "electronicPublicationDate": "2024-11-24", "firstPublicationDate": "2024-11-24"}, "PMC10899452": {"downloaded": true, "pdfdownloaded": true, "jsondownloaded": true, "csvmade": false, "htmlmade": false, "id": "38425751", "source": "MED", "pmid": "38425751", "pmcid": "PMC10899452", "fullTextIdList": {"fullTextId": "PMC10899452"}, "doi": "10.1007/s00382-023-06989-z", "title": "A new conceptual model of\u00a0global\u00a0ocean\u00a0heat\u00a0uptake.", "authorString": "Gregory JM, Bloch-Johnson J, Couldrey MP, Exarchou E, Griffies SM, Kuhlbrodt T, Newsom E, Saenko OA, Suzuki T, Wu Q, Urakawa S, Zanna L.", "authorList": {"author": [{"fullName": "Gregory JM", "firstName": "Jonathan M", "lastName": "Gregory", "initials": "JM", "authorAffiliationDetailsList": {"authorAffiliation": [{"affiliation": "NCAS, University of Reading, Reading, UK."}, {"affiliation": "Met Office Hadley Centre, Exeter, UK."}]}}, {"fullName": "Bloch-Johnson J", "firstName": "Jonah", "lastName": "Bloch-Johnson", "initials": "J", "authorAffiliationDetailsList": {"authorAffiliation": {"affiliation": "NCAS, University of Reading, Reading, UK."}}}, {"fullName": "Couldrey MP", "firstName": "Matthew P", "lastName": "Couldrey", "initials": "MP", "authorAffiliationDetailsList": {"authorAffiliation": {"affiliation": "NCAS, University of Reading, Reading, UK."}}}, {"fullName": "Exarchou E", "firstName": "Eleftheria", "lastName": "Exarchou", "initials": "E", "authorAffiliationDetailsList": {"authorAffiliation": {"affiliation": "Barcelona Supercomputing Centre, Barcelona, Spain."}}}, {"fullName": "Griffies SM", "firstName": "Stephen M", "lastName": "Griffies", "initials": "SM", "authorId": {"@type": "ORCID", "#text": "0000-0002-3711-236X"}, "authorAffiliationDetailsList": {"authorAffiliation": [{"affiliation": "NOAA Geophysical Fluid Dynamics Laboratory, Princeton, NJ USA."}, {"affiliation": "Atmospheric and Oceanic Sciences Program, Princeton University, Princeton, NJ USA."}]}}, {"fullName": "Kuhlbrodt T", "firstName": "Till", "lastName": "Kuhlbrodt", "initials": "T", "authorAffiliationDetailsList": {"authorAffiliation": {"affiliation": "NCAS, University of Reading, Reading, UK."}}}, {"fullName": "Newsom E", "firstName": "Emily", "lastName": "Newsom", "initials": "E", "authorAffiliationDetailsList": {"authorAffiliation": {"affiliation": "Courant Institute, New York University, New York City, NY USA."}}}, {"fullName": "Saenko OA", "firstName": "Oleg A", "lastName": "Saenko", "initials": "OA", "authorAffiliationDetailsList": {"authorAffiliation": {"affiliation": "SEOS, University of Victoria, Victoria, BC Canada."}}}, {"fullName": "Suzuki T", "firstName": "Tatsuo", "lastName": "Suzuki", "initials": "T", "authorAffiliationDetailsList": {"authorAffiliation": {"affiliation": "Japan Agency for Marine Earth Science and Technology, Yokohama, Japan."}}}, {"fullName": "Wu Q", "firstName": "Quran", "lastName": "Wu", "initials": "Q", "authorAffiliationDetailsList": {"authorAffiliation": {"affiliation": "NCAS, University of Reading, Reading, UK."}}}, {"fullName": "Urakawa S", "firstName": "Shogo", "lastName": "Urakawa", "initials": "S", "authorAffiliationDetailsList": {"authorAffiliation": {"affiliation": "Meteorological Research Institute, Tsukuba, Japan."}}}, {"fullName": "Zanna L", "firstName": "Laure", "lastName": "Zanna", "initials": "L", "authorId": {"@type": "ORCID", "#text": "0000-0002-8472-4828"}, "authorAffiliationDetailsList": {"authorAffiliation": {"affiliation": "Courant Institute, New York University, New York City, NY USA."}}}]}, "authorIdList": {"authorId": [{"@type": "ORCID", "#text": "0000-0002-3711-236X"}, {"@type": "ORCID", "#text": "0000-0002-8472-4828"}]}, "dataLinksTagsList": {"dataLinkstag": "altmetrics"}, "journalInfo": {"issue": "3", "volume": "62", "journalIssueId": "3731430", "dateOfPublication": "2024", "monthOfPublication": "0", "yearOfPublication": "2024", "printPublicationDate": "2024-01-01", "journal": {"title": "Climate dynamics", "ISOAbbreviation": "Clim Dyn", "medlineAbbreviation": "Clim Dyn", "NLMid": "101625237", "ISSN": "0930-7575", "ESSN": "1432-0894"}}, "pubYear": "2024", "pageInfo": "1669-1713", "abstractText": "We formulate a new conceptual model, named \"<i>MT</i>2\", to describe global ocean heat uptake, as simulated by atmosphere-ocean general circulation models (AOGCMs) forced by increasing atmospheric CO<sub>2</sub>, as a function of global-mean surface temperature change <i>T</i> and the strength of the Atlantic meridional overturning circulation (AMOC, <i>M</i>). <i>MT</i>2 has two routes whereby heat reaches the deep ocean. On the basis of circumstantial evidence, we hypothetically identify these routes as low- and high-latitude. In low latitudes, which dominate the global-mean energy balance, heat uptake is temperature-driven and described by the two-layer model, with global-mean <i>T</i> as the temperature change of the upper layer. In high latitudes, a proportion <i>p</i> (about 14%) of the forcing is taken up along isopycnals, mostly in the Southern Ocean, nearly like a passive tracer, and unrelated to <i>T</i>. Because the proportion <i>p</i> depends linearly on the AMOC strength in the unperturbed climate, we hypothesise that high-latitude heat uptake and the AMOC are both affected by some characteristic of the unperturbed global ocean state, possibly related to stratification. <i>MT</i>2 can explain several relationships among AOGCM projections, some found in this work, others previously reported: \u2219\u00a0Ocean heat uptake efficiency correlates strongly with the AMOC. \u2219\u00a0Global ocean heat uptake is not correlated with the AMOC. \u2219\u00a0Transient climate response (TCR) is anticorrelated with the AMOC. \u2219\u00a0<i>T</i> projected for the late twenty-first century under high-forcing scenarios correlates more strongly with the effective climate sensitivity than with the TCR.", "affiliation": "NCAS, University of Reading, Reading, UK.", "publicationStatus": "ppublish", "language": "eng", "pubModel": "Print-Electronic", "pubTypeList": {"pubType": ["research-article", "Journal Article"]}, "grantsList": {"grant": [{"grantId": "247220", "agency": "European Research Council", "acronym": "ERC_", "orderIn": "0"}, {"grantId": "PMXD0722680395", "agency": "Japan Advanced Institute of Science and Technology", "orderIn": "0"}, {"grantId": "NE/R000727/1", "agency": "Natural Environment Research Council", "orderIn": "0"}, {"grantId": "786427", "agency": "European Research Council", "acronym": "ERC_", "orderIn": "0"}, {"grantId": "JP20K04077", "agency": "Japan Society for the Promotion of Science", "orderIn": "0"}]}, "keywordList": {"keyword": ["Atlantic Meridional Overturning Circulation", "Ocean Heat Uptake", "Transient Climate Response", "Effective Climate Sensitivity"]}, "fullTextUrlList": {"fullTextUrl": [{"availability": "Open access", "availabilityCode": "OA", "documentStyle": "pdf", "site": "Unpaywall", "url": "https://link.springer.com/content/pdf/10.1007/s00382-023-06989-z.pdf"}, {"availability": "Subscription required", "availabilityCode": "S", "documentStyle": "doi", "site": "DOI", "url": "https://doi.org/10.1007/s00382-023-06989-z"}, {"availability": "Open access", "availabilityCode": "OA", "documentStyle": "html", "site": "Europe_PMC", "url": "https://europepmc.org/articles/PMC10899452"}, {"availability": "Open access", "availabilityCode": "OA", "documentStyle": "pdf", "site": "Europe_PMC", "url": "https://europepmc.org/articles/PMC10899452?pdf=render"}]}, "isOpenAccess": "Y", "inEPMC": "Y", "inPMC": "Y", "hasPDF": "Y", "hasBook": "N", "hasSuppl": "N", "citedByCount": "0", "hasData": "N", "hasReferences": "Y", "hasTextMinedTerms": "Y", "hasDbCrossReferences": "N", "hasLabsLinks": "Y", "license": "cc by", "hasEvaluations": "N", "authMan": "N", "epmcAuthMan": "N", "nihAuthMan": "N", "hasTMAccessionNumbers": "N", "dateOfCreation": "2024-03-01", "firstIndexDate": "2024-03-01", "fullTextReceivedDate": "2024-03-01", "dateOfRevision": "2024-03-02", "electronicPublicationDate": "2023-12-22", "firstPublicationDate": "2023-12-22"}, "PMC11306100": {"downloaded": true, "pdfdownloaded": true, "jsondownloaded": true, "csvmade": false, "htmlmade": false, "id": "39112620", "source": "MED", "pmid": "39112620", "pmcid": "PMC11306100", "fullTextIdList": {"fullTextId": "PMC11306100"}, "doi": "10.1038/s41586-024-07672-x", "title": "Highest ocean heat in four centuries places Great Barrier Reef in danger.", "authorString": "Henley BJ, McGregor HV, King AD, Hoegh-Guldberg O, Arzey AK, Karoly DJ, Lough JM, DeCarlo TM, Linsley BK.", "authorList": {"author": [{"fullName": "Henley BJ", "firstName": "Benjamin J", "lastName": "Henley", "initials": "BJ", "authorId": {"@type": "ORCID", "#text": "0000-0003-3940-1963"}, "authorAffiliationDetailsList": {"authorAffiliation": [{"affiliation": "Environmental Futures, School of Earth, Atmospheric and Life Sciences, University of Wollongong, Wollongong, New South Wales, Australia. bhenley@unimelb.edu.au."}, {"affiliation": "Securing Antarctica's Environmental Future, University of Wollongong, Wollongong, New South Wales, Australia. bhenley@unimelb.edu.au."}, {"affiliation": "School of Agriculture, Food and Ecosystem Sciences, University of Melbourne, Parkville, Victoria, Australia. bhenley@unimelb.edu.au."}]}}, {"fullName": "McGregor HV", "firstName": "Helen V", "lastName": "McGregor", "initials": "HV", "authorId": {"@type": "ORCID", "#text": "0000-0002-4031-2282"}, "authorAffiliationDetailsList": {"authorAffiliation": [{"affiliation": "Environmental Futures, School of Earth, Atmospheric and Life Sciences, University of Wollongong, Wollongong, New South Wales, Australia."}, {"affiliation": "Securing Antarctica's Environmental Future, University of Wollongong, Wollongong, New South Wales, Australia."}]}}, {"fullName": "King AD", "firstName": "Andrew D", "lastName": "King", "initials": "AD", "authorId": {"@type": "ORCID", "#text": "0000-0001-9006-5745"}, "authorAffiliationDetailsList": {"authorAffiliation": [{"affiliation": "School of Geography, Earth and Atmospheric Sciences, University of Melbourne, Parkville, Victoria, Australia."}, {"affiliation": "ARC Centre of Excellence for Climate Extremes, University of Melbourne, Parkville, Victoria, Australia."}]}}, {"fullName": "Hoegh-Guldberg O", "firstName": "Ove", "lastName": "Hoegh-Guldberg", "initials": "O", "authorId": {"@type": "ORCID", "#text": "0000-0001-7510-6713"}, "authorAffiliationDetailsList": {"authorAffiliation": {"affiliation": "School of the Environment, The University of Queensland, Brisbane, Queensland, Australia."}}}, {"fullName": "Arzey AK", "firstName": "Ariella K", "lastName": "Arzey", "initials": "AK", "authorId": {"@type": "ORCID", "#text": "0000-0001-5628-2711"}, "authorAffiliationDetailsList": {"authorAffiliation": [{"affiliation": "Environmental Futures, School of Earth, Atmospheric and Life Sciences, University of Wollongong, Wollongong, New South Wales, Australia."}, {"affiliation": "Securing Antarctica's Environmental Future, University of Wollongong, Wollongong, New South Wales, Australia."}]}}, {"fullName": "Karoly DJ", "firstName": "David J", "lastName": "Karoly", "initials": "DJ", "authorAffiliationDetailsList": {"authorAffiliation": {"affiliation": "School of Geography, Earth and Atmospheric Sciences, University of Melbourne, Parkville, Victoria, Australia."}}}, {"fullName": "Lough JM", "firstName": "Janice M", "lastName": "Lough", "initials": "JM", "authorAffiliationDetailsList": {"authorAffiliation": {"affiliation": "Australian Institute of Marine Science, Townsville, Queensland, Australia."}}}, {"fullName": "DeCarlo TM", "firstName": "Thomas M", "lastName": "DeCarlo", "initials": "TM", "authorId": {"@type": "ORCID", "#text": "0000-0003-3269-1320"}, "authorAffiliationDetailsList": {"authorAffiliation": [{"affiliation": "ARC Centre of Excellence for Coral Reef Studies and School of Earth Sciences, University of Western Australia, Crawley, Western Australia, Australia."}, {"affiliation": "Department of Earth and Environmental Sciences, Tulane University, New Orleans, LA, USA."}]}}, {"fullName": "Linsley BK", "firstName": "Braddock K", "lastName": "Linsley", "initials": "BK", "authorId": {"@type": "ORCID", "#text": "0000-0003-2085-0662"}, "authorAffiliationDetailsList": {"authorAffiliation": {"affiliation": "Lamont-Doherty Earth Observatory of Columbia University, Palisades, NY, USA."}}}]}, "authorIdList": {"authorId": [{"@type": "ORCID", "#text": "0000-0001-5628-2711"}, {"@type": "ORCID", "#text": "0000-0001-7510-6713"}, {"@type": "ORCID", "#text": "0000-0001-9006-5745"}, {"@type": "ORCID", "#text": "0000-0002-4031-2282"}, {"@type": "ORCID", "#text": "0000-0003-2085-0662"}, {"@type": "ORCID", "#text": "0000-0003-3269-1320"}, {"@type": "ORCID", "#text": "0000-0003-3940-1963"}]}, "dataLinksTagsList": {"dataLinkstag": ["altmetrics", "supporting_data"]}, "journalInfo": {"issue": "8024", "volume": "632", "journalIssueId": "3808263", "dateOfPublication": "2024 Aug", "monthOfPublication": "8", "yearOfPublication": "2024", "printPublicationDate": "2024-08-01", "journal": {"title": "Nature", "ISOAbbreviation": "Nature", "medlineAbbreviation": "Nature", "NLMid": "0410462", "ISSN": "0028-0836", "ESSN": "1476-4687"}}, "pubYear": "2024", "pageInfo": "320-326", "abstractText": "Mass coral bleaching on\u00a0the Great Barrier Reef (GBR) in Australia between 2016 and 2024 was driven by high sea surface temperatures (SST)<sup>1</sup>. The likelihood of temperature-induced bleaching is a key determinant for the future threat status of the GBR<sup>2</sup>, but the long-term context of recent temperatures in the region is unclear. Here we show that the January-March Coral Sea heat extremes in 2024, 2017 and 2020 (in order of descending mean SST anomalies)\u00a0were the warmest in 400 years, exceeding the 95th-percentile uncertainty limit of our reconstructed pre-1900 maximum. The 2016, 2004 and 2022 events were the next warmest, exceeding the 90th-percentile limit. Climate model analysis confirms that human influence on the climate system is responsible for the rapid warming in recent decades. This attribution, together with the recent ocean temperature extremes, post-1900 warming trend and observed mass coral bleaching, shows that the existential threat to the GBR ecosystem from anthropogenic climate change\u00a0is now realized. Without urgent intervention, the iconic GBR is at risk of experiencing temperatures conducive to near-annual coral bleaching<sup>3</sup>, with negative consequences for biodiversity and ecosystems services. A continuation on the current trajectory would further threaten the ecological function<sup>4</sup> and outstanding universal value<sup>5</sup> of one of Earth's greatest natural wonders.", "affiliation": "Environmental Futures, School of Earth, Atmospheric and Life Sciences, University of Wollongong, Wollongong, New South Wales, Australia. bhenley@unimelb.edu.au.", "publicationStatus": "ppublish", "language": "eng", "pubModel": "Print-Electronic", "pubTypeList": {"pubType": ["Historical Article", "research-article", "Journal Article"]}, "meshHeadingList": {"meshHeading": [{"majorTopic_YN": "N", "descriptorName": "Animals"}, {"majorTopic_YN": "Y", "descriptorName": "Anthozoa", "meshQualifierList": {"meshQualifier": {"abbreviation": "PH", "qualifierName": "physiology", "majorTopic_YN": "N"}}}, {"majorTopic_YN": "N", "descriptorName": "Seawater", "meshQualifierList": {"meshQualifier": {"abbreviation": "AN", "qualifierName": "analysis", "majorTopic_YN": "N"}}}, {"majorTopic_YN": "N", "descriptorName": "Human Activities", "meshQualifierList": {"meshQualifier": {"abbreviation": "HI", "qualifierName": "history", "majorTopic_YN": "N"}}}, {"majorTopic_YN": "N", "descriptorName": "History, 17th Century"}, {"majorTopic_YN": "N", "descriptorName": "History, 18th Century"}, {"majorTopic_YN": "N", "descriptorName": "History, 19th Century"}, {"majorTopic_YN": "N", "descriptorName": "History, 20th Century"}, {"majorTopic_YN": "N", "descriptorName": "History, 21st Century"}, {"majorTopic_YN": "N", "descriptorName": "Australia"}, {"majorTopic_YN": "Y", "descriptorName": "Oceans and Seas"}, {"majorTopic_YN": "N", "descriptorName": "Pacific Ocean"}, {"majorTopic_YN": "N", "descriptorName": "Extinction, Biological"}, {"majorTopic_YN": "Y", "descriptorName": "Hot Temperature"}, {"majorTopic_YN": "Y", "descriptorName": "Global Warming", "meshQualifierList": {"meshQualifier": [{"abbreviation": "HI", "qualifierName": "history", "majorTopic_YN": "N"}, {"abbreviation": "PC", "qualifierName": "prevention & control", "majorTopic_YN": "N"}, {"abbreviation": "SN", "qualifierName": "statistics & numerical data", "majorTopic_YN": "N"}]}}, {"majorTopic_YN": "Y", "descriptorName": "Coral Reefs"}, {"majorTopic_YN": "Y", "descriptorName": "Anthropogenic Effects"}, {"majorTopic_YN": "N", "descriptorName": "Climate Models"}]}, "subsetList": {"subset": {"code": "IM", "name": "Index Medicus"}}, "fullTextUrlList": {"fullTextUrl": [{"availability": "Open access", "availabilityCode": "OA", "documentStyle": "doi", "site": "Unpaywall", "url": "https://doi.org/10.1038/s41586-024-07672-x"}, {"availability": "Subscription required", "availabilityCode": "S", "documentStyle": "doi", "site": "DOI", "url": "https://doi.org/10.1038/s41586-024-07672-x"}, {"availability": "Open access", "availabilityCode": "OA", "documentStyle": "html", "site": "Europe_PMC", "url": "https://europepmc.org/articles/PMC11306100"}, {"availability": "Open access", "availabilityCode": "OA", "documentStyle": "pdf", "site": "Europe_PMC", "url": "https://europepmc.org/articles/PMC11306100?pdf=render"}]}, "isOpenAccess": "Y", "inEPMC": "Y", "inPMC": "Y", "hasPDF": "Y", "hasBook": "N", "hasSuppl": "Y", "citedByCount": "5", "hasData": "Y", "hasReferences": "Y", "hasTextMinedTerms": "Y", "hasDbCrossReferences": "N", "hasLabsLinks": "Y", "license": "cc by", "hasEvaluations": "N", "authMan": "N", "epmcAuthMan": "N", "nihAuthMan": "N", "hasTMAccessionNumbers": "N", "dateOfCompletion": "2024-08-07", "dateOfCreation": "2024-08-07", "firstIndexDate": "2024-08-08", "fullTextReceivedDate": "2024-08-13", "dateOfRevision": "2024-08-10", "electronicPublicationDate": "2024-08-07", "firstPublicationDate": "2024-08-07"}, "PMC11671432": {"downloaded": true, "pdfdownloaded": true, "jsondownloaded": true, "csvmade": false, "htmlmade": false, "id": "39734426", "source": "MED", "pmid": "39734426", "pmcid": "PMC11671432", "fullTextIdList": {"fullTextId": "PMC11671432"}, "doi": "10.1007/s10712-024-09865-5", "title": "North Atlantic Heat Transport Convergence Derived from a Regional Energy Budget Using Different Ocean Heat Content Estimates.", "authorString": "Meyssignac B, Fourest S, Mayer M, Johnson GC, Calafat FM, Ablain M, Boyer T, Cheng L, Desbruy\u00e8res D, Forget G, Giglio D, Kuusela M, Locarnini R, Lyman JM, Llovel W, Mishonov A, Reagan J, Rousseau V, Benveniste J.", "authorList": {"author": [{"fullName": "Meyssignac B", "firstName": "B", "lastName": "Meyssignac", "initials": "B", "authorAffiliationDetailsList": {"authorAffiliation": {"affiliation": "Universit\u00e9 de Toulouse, LEGOS (CNES/CNRS/IRD/UT3), 31400 Toulouse, France."}}}, {"fullName": "Fourest S", "firstName": "S", "lastName": "Fourest", "initials": "S", "authorAffiliationDetailsList": {"authorAffiliation": {"affiliation": "Universit\u00e9 de Toulouse, LEGOS (CNES/CNRS/IRD/UT3), 31400 Toulouse, France."}}}, {"fullName": "Mayer M", "firstName": "Michael", "lastName": "Mayer", "initials": "M", "authorAffiliationDetailsList": {"authorAffiliation": [{"affiliation": "Research Department, European Centre for Medium-Range Weather Forecasts, 53175 Bonn, Germany."}, {"affiliation": "Department for Meteorology and Geophysics, University of Vienna, 1090 Vienna, Austria."}]}}, {"fullName": "Johnson GC", "firstName": "G C", "lastName": "Johnson", "initials": "GC", "authorAffiliationDetailsList": {"authorAffiliation": {"affiliation": "NOAA/Pacific Marine Environmental Laboratory, Seattle, Washington 98115 USA."}}}, {"fullName": "Calafat FM", "firstName": "F M", "lastName": "Calafat", "initials": "FM", "authorAffiliationDetailsList": {"authorAffiliation": {"affiliation": "National Oceanography Centre, Liverpool, L3 5DA UK."}}}, {"fullName": "Ablain M", "firstName": "M", "lastName": "Ablain", "initials": "M", "authorAffiliationDetailsList": {"authorAffiliation": {"affiliation": "MAGELLIUM, 31250 Ramonville Saint-Agne, France."}}}, {"fullName": "Boyer T", "firstName": "T", "lastName": "Boyer", "initials": "T", "authorAffiliationDetailsList": {"authorAffiliation": {"affiliation": "NOAA National Centers for Environmental Information, Silver Spring, MD 20910 USA."}}}, {"fullName": "Cheng L", "firstName": "L", "lastName": "Cheng", "initials": "L", "authorAffiliationDetailsList": {"authorAffiliation": {"affiliation": "Institute of Atmospheric Physics, Chinese Academy of Sciences, Beijing, 100029 China."}}}, {"fullName": "Desbruy\u00e8res D", "firstName": "D", "lastName": "Desbruy\u00e8res", "initials": "D", "authorAffiliationDetailsList": {"authorAffiliation": {"affiliation": "CNRS, Ifremer, IRD, Laboratoire d'Oc\u00e9anographie Physique et Spatiale (LOPS), IUEM, University of Brest, 29280 Plouzan\u00e9, France."}}}, {"fullName": "Forget G", "firstName": "G", "lastName": "Forget", "initials": "G", "authorAffiliationDetailsList": {"authorAffiliation": {"affiliation": "Department of Earth, Atmospheric and Planetary Sciences, Massachusetts Institute of Technology, Cambridge, MA 02139-4307 USA."}}}, {"fullName": "Giglio D", "firstName": "D", "lastName": "Giglio", "initials": "D", "authorAffiliationDetailsList": {"authorAffiliation": {"affiliation": "Department of Atmospheric and Oceanic Sciences, University of Colorado Boulder, Boulder, CO 80309-0311 USA."}}}, {"fullName": "Kuusela M", "firstName": "M", "lastName": "Kuusela", "initials": "M", "authorAffiliationDetailsList": {"authorAffiliation": {"affiliation": "Department of Statistics and Data Science, Carnegie Mellon University, Pittsburgh, PA 15213 USA."}}}, {"fullName": "Locarnini R", "firstName": "R", "lastName": "Locarnini", "initials": "R", "authorAffiliationDetailsList": {"authorAffiliation": {"affiliation": "NOAA National Centers for Environmental Information, Silver Spring, MD 20910 USA."}}}, {"fullName": "Lyman JM", "firstName": "J M", "lastName": "Lyman", "initials": "JM", "authorAffiliationDetailsList": {"authorAffiliation": [{"affiliation": "NOAA/Pacific Marine Environmental Laboratory, Seattle, Washington 98115 USA."}, {"affiliation": "CIMAR, University of Hawaii, Honolulu, HI 96822 USA."}]}}, {"fullName": "Llovel W", "firstName": "W", "lastName": "Llovel", "initials": "W", "authorAffiliationDetailsList": {"authorAffiliation": {"affiliation": "CNRS, Ifremer, IRD, Laboratoire d'Oc\u00e9anographie Physique et Spatiale (LOPS), IUEM, University of Brest, 29280 Plouzan\u00e9, France."}}}, {"fullName": "Mishonov A", "firstName": "A", "lastName": "Mishonov", "initials": "A", "authorAffiliationDetailsList": {"authorAffiliation": [{"affiliation": "NOAA National Centers for Environmental Information, Silver Spring, MD 20910 USA."}, {"affiliation": "Cooperative Institute for Satellite Earth Systems Studies, Earth System Science Interdisciplinary Center, University of Maryland, College Park, MD 20742 USA."}]}}, {"fullName": "Reagan J", "firstName": "J", "lastName": "Reagan", "initials": "J", "authorAffiliationDetailsList": {"authorAffiliation": {"affiliation": "NOAA National Centers for Environmental Information, Silver Spring, MD 20910 USA."}}}, {"fullName": "Rousseau V", "firstName": "V", "lastName": "Rousseau", "initials": "V", "authorAffiliationDetailsList": {"authorAffiliation": {"affiliation": "MAGELLIUM, 31250 Ramonville Saint-Agne, France."}}}, {"fullName": "Benveniste J", "firstName": "J", "lastName": "Benveniste", "initials": "J", "authorAffiliationDetailsList": {"authorAffiliation": {"affiliation": "European Space Agency (ESA-ESRIN), 00044 Frascati, Italy."}}}]}, "dataLinksTagsList": {"dataLinkstag": "supporting_data"}, "journalInfo": {"issue": "6", "volume": "45", "journalIssueId": "3876768", "dateOfPublication": "2024", "monthOfPublication": "0", "yearOfPublication": "2024", "printPublicationDate": "2024-01-01", "journal": {"title": "Surveys in geophysics", "ISOAbbreviation": "Surv Geophys", "medlineAbbreviation": "Surv Geophys", "NLMid": "101659560", "ISSN": "0169-3298", "ESSN": "1573-0956"}}, "pubYear": "2024", "pageInfo": "1855-1874", "abstractText": "This study uses an oceanic energy budget to estimate the ocean heat transport convergence in the North Atlantic during 2005-2018. The horizontal convergence of the ocean heat transport is estimated using ocean heat content tendency primarily derived from satellite altimetry combined with space gravimetry. The net surface energy fluxes are inferred from mass-corrected divergence of atmospheric energy transport and tendency of the ECMWF ERA5 reanalysis combined with top-of-the-atmosphere radiative fluxes from the clouds and the Earth's radiant energy system project. The indirectly estimated horizontal convergence of the ocean heat transport is integrated between the rapid climate change-meridional overturning circulation and heatflux array (RAPID) section\u00a0at 26.5\u00b0N (operating since 2004) and the overturning in the subpolar north atlantic program (OSNAP)\u00a0section, situated at 53\u00b0-60\u00b0N (operating\u00a0since 2014). This is to validate the ocean heat transport convergence estimate against an independent estimate derived from RAPID and OSNAP in-situ measurements. The mean ocean energy budget of the North Atlantic is closed to within\u2009\u00b1\u20090.25\u00a0PW between RAPID and OSNAP sections. The mean oceanic heat transport convergence between these sections is 0.58\u2009\u00b1\u20090.25\u00a0PW, which agrees well with observed section transports. Interannual variability of the inferred oceanic heat transport convergence is also in reasonable agreement with the interannual variability observed at RAPID and OSNAP, with a correlation of 0.54 between annual time series. The correlation increases to 0.67 for biannual time series. Other estimates of the ocean energy budget based on ocean heat content tendency derived from various methods give similar results. Despite a large spread, the correlation is always significant meaning the results are robust against the method to estimate the ocean heat content tendency.", "affiliation": "Universit\u00e9 de Toulouse, LEGOS (CNES/CNRS/IRD/UT3), 31400 Toulouse, France.", "publicationStatus": "ppublish", "language": "eng", "pubModel": "Print-Electronic", "pubTypeList": {"pubType": ["review-article", "Review", "Journal Article"]}, "grantsList": {"grant": [{"grantId": "5573", "agency": "Global Ocean Monitoring and Observing Program", "orderIn": "0"}, {"grantId": "NA21OAR4310258", "agency": "Global Ocean Monitoring and Observing Program", "orderIn": "0"}, {"grantId": "NA21OAR4310261", "agency": "Global Ocean Monitoring and Observing Program", "orderIn": "0"}, {"grantId": "P 33177", "agency": "Austrian Science Fund FWF", "acronym": "FWF_", "orderIn": "0"}, {"grantId": "P33177", "agency": "Austrian Science Fund FWF", "orderIn": "0"}]}, "keywordList": {"keyword": ["Climate variability", "In Situ Observations", "Energy Transport", "Surface Fluxes", "Satellite Observations", "Ocean Heat Content", "Energy Budget/balance", "Heat Budgets/Fluxes", "North Atlantic Heat Transport", "Regional Energy Budget"]}, "fullTextUrlList": {"fullTextUrl": [{"availability": "Subscription required", "availabilityCode": "S", "documentStyle": "doi", "site": "DOI", "url": "https://doi.org/10.1007/s10712-024-09865-5"}, {"availability": "Open access", "availabilityCode": "OA", "documentStyle": "html", "site": "Europe_PMC", "url": "https://europepmc.org/articles/PMC11671432"}, {"availability": "Open access", "availabilityCode": "OA", "documentStyle": "pdf", "site": "Europe_PMC", "url": "https://europepmc.org/articles/PMC11671432?pdf=render"}]}, "isOpenAccess": "Y", "inEPMC": "Y", "inPMC": "Y", "hasPDF": "Y", "hasBook": "N", "hasSuppl": "N", "citedByCount": "0", "hasData": "Y", "hasReferences": "Y", "hasTextMinedTerms": "Y", "hasDbCrossReferences": "N", "hasLabsLinks": "N", "license": "cc by", "hasEvaluations": "N", "authMan": "N", "epmcAuthMan": "N", "nihAuthMan": "N", "hasTMAccessionNumbers": "Y", "tmAccessionTypeList": {"accessionType": "doi"}, "dateOfCreation": "2024-12-30", "firstIndexDate": "2024-12-30", "fullTextReceivedDate": "2024-12-30", "dateOfRevision": "2025-05-30", "electronicPublicationDate": "2024-10-24", "firstPublicationDate": "2024-10-24"}, "PMC10613216": {"downloaded": true, "pdfdownloaded": true, "jsondownloaded": true, "csvmade": false, "htmlmade": false, "id": "37898610", "source": "MED", "pmid": "37898610", "pmcid": "PMC10613216", "fullTextIdList": {"fullTextId": "PMC10613216"}, "doi": "10.1038/s41467-023-42468-z", "title": "Recent acceleration in global ocean heat accumulation by mode and intermediate waters.", "authorString": "Li Z, England MH, Groeskamp S.", "authorList": {"author": [{"fullName": "Li Z", "firstName": "Zhi", "lastName": "Li", "initials": "Z", "authorId": {"@type": "ORCID", "#text": "0000-0002-0166-9289"}, "authorAffiliationDetailsList": {"authorAffiliation": [{"affiliation": "Climate Change Research Centre, University of New South Wales, Sydney, NSW, 2052, Australia. zhi.li4@unsw.edu.au."}, {"affiliation": "Australian Centre for Excellence in Antarctic Science, University of New South Wales, Sydney, NSW, 2052, Australia. zhi.li4@unsw.edu.au."}, {"affiliation": "Centre for Marine Science and Innovation (CMSI), University of New South Wales, Sydney, NSW, 2052, Australia. zhi.li4@unsw.edu.au."}]}}, {"fullName": "England MH", "firstName": "Matthew H", "lastName": "England", "initials": "MH", "authorId": {"@type": "ORCID", "#text": "0000-0001-9696-2930"}, "authorAffiliationDetailsList": {"authorAffiliation": [{"affiliation": "Australian Centre for Excellence in Antarctic Science, University of New South Wales, Sydney, NSW, 2052, Australia."}, {"affiliation": "Centre for Marine Science and Innovation (CMSI), University of New South Wales, Sydney, NSW, 2052, Australia."}]}}, {"fullName": "Groeskamp S", "firstName": "Sjoerd", "lastName": "Groeskamp", "initials": "S", "authorId": {"@type": "ORCID", "#text": "0000-0002-7898-3030"}, "authorAffiliationDetailsList": {"authorAffiliation": {"affiliation": "NIOZ Royal Netherlands Institute for Sea Research, Department of Ocean Systems, 1790 AB, Den Burg, Texel, The Netherlands."}}}]}, "authorIdList": {"authorId": [{"@type": "ORCID", "#text": "0000-0001-9696-2930"}, {"@type": "ORCID", "#text": "0000-0002-0166-9289"}, {"@type": "ORCID", "#text": "0000-0002-7898-3030"}]}, "dataLinksTagsList": {"dataLinkstag": ["altmetrics", "supporting_data"]}, "journalInfo": {"issue": "1", "volume": "14", "journalIssueId": "3641144", "dateOfPublication": "2023 Oct", "monthOfPublication": "10", "yearOfPublication": "2023", "printPublicationDate": "2023-10-01", "journal": {"title": "Nature communications", "ISOAbbreviation": "Nat Commun", "medlineAbbreviation": "Nat Commun", "NLMid": "101528555", "ISSN": "2041-1723", "ESSN": "2041-1723"}}, "pubYear": "2023", "pageInfo": "6888", "abstractText": "The ocean absorbs >90% of anthropogenic heat in the Earth system, moderating global atmospheric warming. However, it remains unclear how this heat uptake is distributed by basin and across water masses. Here we analyze historical and recent observations to show that ocean heat uptake has accelerated dramatically since the 1990s, nearly doubling during 2010-2020 relative to 1990-2000. Of the total ocean heat uptake over the Argo era 2005-2020, about 89% can be found in global mode and intermediate water layers, spanning both hemispheres and both subtropical and subpolar mode waters. Due to anthropogenic warming, there are significant changes in the volume of these water-mass layers as they warm and freshen. After factoring out volumetric changes, the combined warming of these layers accounts for ~76% of global ocean warming. We further decompose these water-mass layers into regional water masses over the subtropical Pacific and Atlantic Oceans and in the Southern Ocean. This shows that regional mode and intermediate waters are responsible for a disproportionate fraction of total heat uptake compared to their volume, with important implications for understanding ongoing ocean warming, sea-level rise, and climate impacts.", "affiliation": "Climate Change Research Centre, University of New South Wales, Sydney, NSW, 2052, Australia. zhi.li4@unsw.edu.au.", "publicationStatus": "epublish", "language": "eng", "pubModel": "Electronic", "pubTypeList": {"pubType": ["research-article", "Journal Article"]}, "grantsList": {"grant": {"grantId": "201806330075", "agency": "China Scholarship Council (CSC)", "orderIn": "0"}}, "subsetList": {"subset": {"code": "IM", "name": "Index Medicus"}}, "fullTextUrlList": {"fullTextUrl": [{"availability": "Open access", "availabilityCode": "OA", "documentStyle": "pdf", "site": "Unpaywall", "url": "https://www.nature.com/articles/s41467-023-42468-z.pdf"}, {"availability": "Subscription required", "availabilityCode": "S", "documentStyle": "doi", "site": "DOI", "url": "https://doi.org/10.1038/s41467-023-42468-z"}, {"availability": "Open access", "availabilityCode": "OA", "documentStyle": "html", "site": "Europe_PMC", "url": "https://europepmc.org/articles/PMC10613216"}, {"availability": "Open access", "availabilityCode": "OA", "documentStyle": "pdf", "site": "Europe_PMC", "url": "https://europepmc.org/articles/PMC10613216?pdf=render"}]}, "isOpenAccess": "Y", "inEPMC": "Y", "inPMC": "Y", "hasPDF": "Y", "hasBook": "N", "hasSuppl": "Y", "citedByCount": "8", "hasData": "Y", "hasReferences": "Y", "hasTextMinedTerms": "Y", "hasDbCrossReferences": "N", "hasLabsLinks": "Y", "license": "cc by", "hasEvaluations": "N", "authMan": "N", "epmcAuthMan": "N", "nihAuthMan": "N", "hasTMAccessionNumbers": "N", "dateOfCreation": "2023-10-29", "firstIndexDate": "2023-10-31", "fullTextReceivedDate": "2023-10-31", "dateOfRevision": "2023-10-31", "electronicPublicationDate": "2023-10-28", "firstPublicationDate": "2023-10-28"}, "PMC10164468": {"downloaded": true, "pdfdownloaded": true, "jsondownloaded": true, "csvmade": false, "htmlmade": false, "id": "37150199", "source": "MED", "pmid": "37150199", "pmcid": "PMC10164468", "fullTextIdList": {"fullTextId": "PMC10164468"}, "doi": "10.1098/rsta.2022.0070", "title": "Finale: impact of the ORCHESTRA/ENCORE programmes on Southern Ocean heat and carbon understanding.", "authorString": "Meijers AJS, Meredith MP, Shuckburgh EF, Kent EC, Munday DR, Firing YL, King B, Smyth TJ, Leng MJ, George Nurser AJ, Hewitt HT, Povl Abrahamsen E, Weiss A, Yang M, Bell TG, Alexander Brearley J, Boland EJD, Jones DC, Josey SA, Owen RP, Grist JP, Blaker AT, Biri S, Yelland MJ, Pimm C, Zhou S, Harle J, Cornes RC.", "authorList": {"author": [{"fullName": "Meijers AJS", "firstName": "Andrew J S", "lastName": "Meijers", "initials": "AJS", "authorId": {"@type": "ORCID", "#text": "0000-0003-3876-7736"}, "authorAffiliationDetailsList": {"authorAffiliation": {"affiliation": "British Antarctic Survey, High Cross, Madingley Road, CB3 0ET Cambridge, UK."}}}, {"fullName": "Meredith MP", "firstName": "Michael P", "lastName": "Meredith", "initials": "MP", "authorId": {"@type": "ORCID", "#text": "0000-0002-7342-7756"}, "authorAffiliationDetailsList": {"authorAffiliation": {"affiliation": "British Antarctic Survey, High Cross, Madingley Road, CB3 0ET Cambridge, UK."}}}, {"fullName": "Shuckburgh EF", "firstName": "Emily F", "lastName": "Shuckburgh", "initials": "EF", "authorId": {"@type": "ORCID", "#text": "0000-0001-9206-3444"}, "authorAffiliationDetailsList": {"authorAffiliation": {"affiliation": "Department of Computer Science and Technology, University of Cambridge, William Gates Building 15 JJ Thomson Avenue, Cambridge CB3 0FD, UK."}}}, {"fullName": "Kent EC", "firstName": "Elizabeth C", "lastName": "Kent", "initials": "EC", "authorId": {"@type": "ORCID", "#text": "0000-0002-6209-4247"}, "authorAffiliationDetailsList": {"authorAffiliation": {"affiliation": "National Oceanography Centre, European Way, Southampton SO14 3ZH, UK."}}}, {"fullName": "Munday DR", "firstName": "David R", "lastName": "Munday", "initials": "DR", "authorId": {"@type": "ORCID", "#text": "0000-0003-1920-708X"}, "authorAffiliationDetailsList": {"authorAffiliation": {"affiliation": "British Antarctic Survey, High Cross, Madingley Road, CB3 0ET Cambridge, UK."}}}, {"fullName": "Firing YL", "firstName": "Yvonne L", "lastName": "Firing", "initials": "YL", "authorAffiliationDetailsList": {"authorAffiliation": {"affiliation": "National Oceanography Centre, European Way, Southampton SO14 3ZH, UK."}}}, {"fullName": "King B", "firstName": "Brian", "lastName": "King", "initials": "B", "authorAffiliationDetailsList": {"authorAffiliation": {"affiliation": "National Oceanography Centre, European Way, Southampton SO14 3ZH, UK."}}}, {"fullName": "Smyth TJ", "firstName": "Tim J", "lastName": "Smyth", "initials": "TJ", "authorAffiliationDetailsList": {"authorAffiliation": {"affiliation": "Plymouth Marine Laboratory, Prospect Place, Plymouth PL1 3DH, UK."}}}, {"fullName": "Leng MJ", "firstName": "Melanie J", "lastName": "Leng", "initials": "MJ", "authorAffiliationDetailsList": {"authorAffiliation": {"affiliation": "British Geological Survey, Keyworth, Nottingham NG12 5GG, UK."}}}, {"fullName": "George Nurser AJ", "firstName": "A J", "lastName": "George Nurser", "initials": "AJ", "authorAffiliationDetailsList": {"authorAffiliation": {"affiliation": "National Oceanography Centre, European Way, Southampton SO14 3ZH, UK."}}}, {"fullName": "Hewitt HT", "firstName": "Helene T", "lastName": "Hewitt", "initials": "HT", "authorId": {"@type": "ORCID", "#text": "0000-0001-7432-6001"}, "authorAffiliationDetailsList": {"authorAffiliation": {"affiliation": "Met Office Hadley Centre, FitzRoy Road, Exeter, UK."}}}, {"fullName": "Povl Abrahamsen E", "firstName": "E", "lastName": "Povl Abrahamsen", "initials": "E", "authorId": {"@type": "ORCID", "#text": "0000-0001-5924-5350"}, "authorAffiliationDetailsList": {"authorAffiliation": {"affiliation": "British Antarctic Survey, High Cross, Madingley Road, CB3 0ET Cambridge, UK."}}}, {"fullName": "Weiss A", "firstName": "Alexandra", "lastName": "Weiss", "initials": "A", "authorAffiliationDetailsList": {"authorAffiliation": {"affiliation": "British Antarctic Survey, High Cross, Madingley Road, CB3 0ET Cambridge, UK."}}}, {"fullName": "Yang M", "firstName": "Mingxi", "lastName": "Yang", "initials": "M", "authorId": {"@type": "ORCID", "#text": "0000-0002-8321-5984"}, "authorAffiliationDetailsList": {"authorAffiliation": {"affiliation": "Plymouth Marine Laboratory, Prospect Place, Plymouth PL1 3DH, UK."}}}, {"fullName": "Bell TG", "firstName": "Thomas G", "lastName": "Bell", "initials": "TG", "authorAffiliationDetailsList": {"authorAffiliation": {"affiliation": "Plymouth Marine Laboratory, Prospect Place, Plymouth PL1 3DH, UK."}}}, {"fullName": "Alexander Brearley J", "firstName": "J", "lastName": "Alexander Brearley", "initials": "J", "authorAffiliationDetailsList": {"authorAffiliation": {"affiliation": "British Antarctic Survey, High Cross, Madingley Road, CB3 0ET Cambridge, UK."}}}, {"fullName": "Boland EJD", "firstName": "Emma J D", "lastName": "Boland", "initials": "EJD", "authorId": {"@type": "ORCID", "#text": "0000-0003-2430-7763"}, "authorAffiliationDetailsList": {"authorAffiliation": {"affiliation": "British Antarctic Survey, High Cross, Madingley Road, CB3 0ET Cambridge, UK."}}}, {"fullName": "Jones DC", "firstName": "Daniel C", "lastName": "Jones", "initials": "DC", "authorAffiliationDetailsList": {"authorAffiliation": {"affiliation": "British Antarctic Survey, High Cross, Madingley Road, CB3 0ET Cambridge, UK."}}}, {"fullName": "Josey SA", "firstName": "Simon A", "lastName": "Josey", "initials": "SA", "authorAffiliationDetailsList": {"authorAffiliation": {"affiliation": "National Oceanography Centre, European Way, Southampton SO14 3ZH, UK."}}}, {"fullName": "Owen RP", "firstName": "Robyn P", "lastName": "Owen", "initials": "RP", "authorId": {"@type": "ORCID", "#text": "0009-0004-2765-5303"}, "authorAffiliationDetailsList": {"authorAffiliation": {"affiliation": "National Oceanography Centre, Joseph Proudman Building, 6 Brownlow Street, Liverpool L3 5DA, UK."}}}, {"fullName": "Grist JP", "firstName": "Jeremy P", "lastName": "Grist", "initials": "JP", "authorId": {"@type": "ORCID", "#text": "0000-0003-1068-9211"}, "authorAffiliationDetailsList": {"authorAffiliation": {"affiliation": "National Oceanography Centre, European Way, Southampton SO14 3ZH, UK."}}}, {"fullName": "Blaker AT", "firstName": "Adam T", "lastName": "Blaker", "initials": "AT", "authorAffiliationDetailsList": {"authorAffiliation": {"affiliation": "National Oceanography Centre, European Way, Southampton SO14 3ZH, UK."}}}, {"fullName": "Biri S", "firstName": "Stavroula", "lastName": "Biri", "initials": "S", "authorAffiliationDetailsList": {"authorAffiliation": {"affiliation": "National Oceanography Centre, European Way, Southampton SO14 3ZH, UK."}}}, {"fullName": "Yelland MJ", "firstName": "Margaret J", "lastName": "Yelland", "initials": "MJ", "authorAffiliationDetailsList": {"authorAffiliation": {"affiliation": "National Oceanography Centre, European Way, Southampton SO14 3ZH, UK."}}}, {"fullName": "Pimm C", "firstName": "Ciara", "lastName": "Pimm", "initials": "C", "authorAffiliationDetailsList": {"authorAffiliation": [{"affiliation": "British Antarctic Survey, High Cross, Madingley Road, CB3 0ET Cambridge, UK."}, {"affiliation": "Department of Earth, Ocean and Ecological Sciences, School of Environmental Sciences, University of Liverpool, Liverpool, UK."}]}}, {"fullName": "Zhou S", "firstName": "Shenjie", "lastName": "Zhou", "initials": "S", "authorAffiliationDetailsList": {"authorAffiliation": {"affiliation": "British Antarctic Survey, High Cross, Madingley Road, CB3 0ET Cambridge, UK."}}}, {"fullName": "Harle J", "firstName": "James", "lastName": "Harle", "initials": "J", "authorId": {"@type": "ORCID", "#text": "0000-0002-8701-4506"}, "authorAffiliationDetailsList": {"authorAffiliation": {"affiliation": "National Oceanography Centre, European Way, Southampton SO14 3ZH, UK."}}}, {"fullName": "Cornes RC", "firstName": "Richard C", "lastName": "Cornes", "initials": "RC", "authorId": {"@type": "ORCID", "#text": "0000-0002-7688-4485"}, "authorAffiliationDetailsList": {"authorAffiliation": {"affiliation": "National Oceanography Centre, European Way, Southampton SO14 3ZH, UK."}}}]}, "authorIdList": {"authorId": [{"@type": "ORCID", "#text": "0000-0001-5924-5350"}, {"@type": "ORCID", "#text": "0000-0001-7432-6001"}, {"@type": "ORCID", "#text": "0000-0001-9206-3444"}, {"@type": "ORCID", "#text": "0000-0002-6209-4247"}, {"@type": "ORCID", "#text": "0000-0002-7342-7756"}, {"@type": "ORCID", "#text": "0000-0002-7688-4485"}, {"@type": "ORCID", "#text": "0000-0002-8321-5984"}, {"@type": "ORCID", "#text": "0000-0002-8701-4506"}, {"@type": "ORCID", "#text": "0000-0003-1068-9211"}, {"@type": "ORCID", "#text": "0000-0003-1920-708X"}, {"@type": "ORCID", "#text": "0000-0003-2430-7763"}, {"@type": "ORCID", "#text": "0000-0003-3876-7736"}, {"@type": "ORCID", "#text": "0009-0004-2765-5303"}]}, "dataLinksTagsList": {"dataLinkstag": "altmetrics"}, "journalInfo": {"issue": "2249", "volume": "381", "journalIssueId": "3560733", "dateOfPublication": "2023 Jun", "monthOfPublication": "6", "yearOfPublication": "2023", "printPublicationDate": "2023-06-01", "journal": {"title": "Philosophical transactions. Series A, Mathematical, physical, and engineering sciences", "ISOAbbreviation": "Philos Trans A Math Phys Eng Sci", "medlineAbbreviation": "Philos Trans A Math Phys Eng Sci", "NLMid": "101133385", "ISSN": "1364-503X", "ESSN": "1471-2962"}}, "pubYear": "2023", "pageInfo": "20220070", "abstractText": "The 5-year Ocean Regulation of Climate by Heat and Carbon Sequestration and Transports (ORCHESTRA) programme and its 1-year extension ENCORE (ENCORE is the National Capability ORCHESTRA Extension) was an approximately 11-million-pound programme involving seven UK research centres that finished in March 2022. The project sought to radically improve our ability to measure, understand and predict the exchange, storage and export of heat and carbon by the Southern Ocean. It achieved this through a series of milestone observational campaigns in combination with model development and analysis. Twelve cruises in the Weddell Sea and South Atlantic were undertaken, along with mooring, glider and profiler deployments and aircraft missions, all contributing to measurements of internal ocean and air-sea heat and carbon fluxes. Numerous forward and adjoint numerical experiments were developed and supported by the analysis of coupled climate models. The programme has resulted in over 100 peer-reviewed publications to date as well as significant impacts on climate assessments and policy and science coordination groups. Here, we summarize the research highlights of the programme and assess the progress achieved by ORCHESTRA/ENCORE and the questions it raises for the future. This article is part of a discussion meeting issue 'Heat and carbon uptake in the Southern Ocean: the state of the art and future priorities'.", "affiliation": "British Antarctic Survey, High Cross, Madingley Road, CB3 0ET Cambridge, UK.", "publicationStatus": "ppublish", "language": "eng", "pubModel": "Print-Electronic", "pubTypeList": {"pubType": ["review-article", "Review", "Journal Article"]}, "grantsList": {"grant": [{"grantId": "NE/L011166/1", "agency": "Natural Environment Research Council", "orderIn": "0"}, {"grantId": "NE/N018095/1 ORCHESTRA", "agency": "Natural Environment Research Council", "orderIn": "0"}, {"grantId": "NE/V013254/1", "agency": "Natural Environment Research Council", "orderIn": "0"}, {"grantId": "NE/V013254/1 ENCORE", "agency": "Natural Environment Research Council", "orderIn": "0"}, {"grantId": "bas0100028", "agency": "Natural Environment Research Council", "orderIn": "0"}, {"grantId": "bgs06003", "agency": "Natural Environment Research Council", "orderIn": "0"}, {"grantId": "NE/P021409/1", "agency": "Natural Environment Research Council", "orderIn": "0"}, {"grantId": "noc010012", "agency": "Natural Environment Research Council", "orderIn": "0"}, {"grantId": "100007298", "agency": "Climate Program Office", "orderIn": "0"}, {"grantId": "MR/T020822/1", "agency": "UK Research and Innovation", "orderIn": "0"}, {"grantId": "noc010010", "agency": "Natural Environment Research Council", "orderIn": "0"}, {"grantId": "821001 SO-CHIC", "agency": "Horizon 2020 Framework Programme", "orderIn": "0"}, {"grantId": "NE/N018095/1", "agency": "Natural Environment Research Council", "orderIn": "0"}, {"grantId": "bas0100032", "agency": "Natural Environment Research Council", "orderIn": "0"}, {"grantId": "bas0100033", "agency": "Natural Environment Research Council", "orderIn": "0"}, {"grantId": "NE/N018028/1", "agency": "Natural Environment Research Council", "orderIn": "0"}, {"grantId": "SO-ICE 4000135062/21/I-NB", "agency": "European Space Agency", "orderIn": "0"}]}, "keywordList": {"keyword": ["Climate", "Southern Ocean", "Ocean Circulation", "Ocean Carbon", "Ocean Heat", "Ocean\u2013atmosphere Fluxes"]}, "subsetList": {"subset": {"code": "IM", "name": "Index Medicus"}}, "fullTextUrlList": {"fullTextUrl": [{"availability": "Open access", "availabilityCode": "OA", "documentStyle": "doi", "site": "Unpaywall", "url": "https://doi.org/10.1098/rsta.2022.0070"}, {"availability": "Subscription required", "availabilityCode": "S", "documentStyle": "doi", "site": "DOI", "url": "https://doi.org/10.1098/rsta.2022.0070"}, {"availability": "Open access", "availabilityCode": "OA", "documentStyle": "html", "site": "Europe_PMC", "url": "https://europepmc.org/articles/PMC10164468"}, {"availability": "Open access", "availabilityCode": "OA", "documentStyle": "pdf", "site": "Europe_PMC", "url": "https://europepmc.org/articles/PMC10164468?pdf=render"}]}, "isOpenAccess": "Y", "inEPMC": "Y", "inPMC": "Y", "hasPDF": "Y", "hasBook": "N", "hasSuppl": "N", "citedByCount": "2", "hasData": "N", "hasReferences": "Y", "hasTextMinedTerms": "Y", "hasDbCrossReferences": "N", "hasLabsLinks": "Y", "license": "cc by", "hasEvaluations": "N", "authMan": "N", "epmcAuthMan": "N", "nihAuthMan": "N", "hasTMAccessionNumbers": "N", "dateOfCompletion": "2023-05-08", "dateOfCreation": "2023-05-07", "firstIndexDate": "2023-05-08", "fullTextReceivedDate": "2023-05-22", "dateOfRevision": "2023-11-06", "electronicPublicationDate": "2023-05-08", "firstPublicationDate": "2023-05-08"}, "PMC9995037": {"downloaded": true, "pdfdownloaded": true, "jsondownloaded": true, "csvmade": false, "htmlmade": false, "id": "36888715", "source": "MED", "pmid": "36888715", "pmcid": "PMC9995037", "fullTextIdList": {"fullTextId": "PMC9995037"}, "doi": "10.1126/sciadv.adf7209", "title": "Continental drift shifts tropical rainfall by altering radiation and ocean heat transport.", "authorString": "Han J, Nie J, Hu Y, Boos WR, Liu Y, Yang J, Yuan S, Li X, Guo J, Lan J, Lin Q, Bao X, Wei M, Li Z, Man K, Yin Z.", "authorList": {"author": [{"fullName": "Han J", "firstName": "Jing", "lastName": "Han", "initials": "J", "authorId": {"@type": "ORCID", "#text": "0000-0002-3717-0199"}, "authorAffiliationDetailsList": {"authorAffiliation": {"affiliation": "Laboratory for Climate and Ocean-Atmosphere Studies, Department of Atmospheric and Oceanic Sciences, School of Physics, Peking University, Beijing, China."}}}, {"fullName": "Nie J", "firstName": "Ji", "lastName": "Nie", "initials": "J", "authorId": {"@type": "ORCID", "#text": "0000-0002-9829-8604"}, "authorAffiliationDetailsList": {"authorAffiliation": {"affiliation": "Laboratory for Climate and Ocean-Atmosphere Studies, Department of Atmospheric and Oceanic Sciences, School of Physics, Peking University, Beijing, China."}}}, {"fullName": "Hu Y", "firstName": "Yongyun", "lastName": "Hu", "initials": "Y", "authorId": {"@type": "ORCID", "#text": "0000-0002-4003-4630"}, "authorAffiliationDetailsList": {"authorAffiliation": {"affiliation": "Laboratory for Climate and Ocean-Atmosphere Studies, Department of Atmospheric and Oceanic Sciences, School of Physics, Peking University, Beijing, China."}}}, {"fullName": "Boos WR", "firstName": "William R", "lastName": "Boos", "initials": "WR", "authorId": {"@type": "ORCID", "#text": "0000-0001-9076-3551"}, "authorAffiliationDetailsList": {"authorAffiliation": {"affiliation": "Department of Earth and Planetary Science, University of California, Berkeley, Berkeley, CA, USA."}}}, {"fullName": "Liu Y", "firstName": "Yonggang", "lastName": "Liu", "initials": "Y", "authorId": {"@type": "ORCID", "#text": "0000-0001-8844-2185"}, "authorAffiliationDetailsList": {"authorAffiliation": {"affiliation": "Laboratory for Climate and Ocean-Atmosphere Studies, Department of Atmospheric and Oceanic Sciences, School of Physics, Peking University, Beijing, China."}}}, {"fullName": "Yang J", "firstName": "Jun", "lastName": "Yang", "initials": "J", "authorId": {"@type": "ORCID", "#text": "0000-0001-6031-2485"}, "authorAffiliationDetailsList": {"authorAffiliation": {"affiliation": "Laboratory for Climate and Ocean-Atmosphere Studies, Department of Atmospheric and Oceanic Sciences, School of Physics, Peking University, Beijing, China."}}}, {"fullName": "Yuan S", "firstName": "Shuai", "lastName": "Yuan", "initials": "S", "authorId": {"@type": "ORCID", "#text": "0000-0002-8154-4899"}, "authorAffiliationDetailsList": {"authorAffiliation": {"affiliation": "Laboratory for Climate and Ocean-Atmosphere Studies, Department of Atmospheric and Oceanic Sciences, School of Physics, Peking University, Beijing, China."}}}, {"fullName": "Li X", "firstName": "Xiang", "lastName": "Li", "initials": "X", "authorId": {"@type": "ORCID", "#text": "0000-0001-8670-9499"}, "authorAffiliationDetailsList": {"authorAffiliation": {"affiliation": "Laboratory for Climate and Ocean-Atmosphere Studies, Department of Atmospheric and Oceanic Sciences, School of Physics, Peking University, Beijing, China."}}}, {"fullName": "Guo J", "firstName": "Jiaqi", "lastName": "Guo", "initials": "J", "authorAffiliationDetailsList": {"authorAffiliation": {"affiliation": "Laboratory for Climate and Ocean-Atmosphere Studies, Department of Atmospheric and Oceanic Sciences, School of Physics, Peking University, Beijing, China."}}}, {"fullName": "Lan J", "firstName": "Jiawenjing", "lastName": "Lan", "initials": "J", "authorId": {"@type": "ORCID", "#text": "0000-0001-5206-9198"}, "authorAffiliationDetailsList": {"authorAffiliation": {"affiliation": "Laboratory for Climate and Ocean-Atmosphere Studies, Department of Atmospheric and Oceanic Sciences, School of Physics, Peking University, Beijing, China."}}}, {"fullName": "Lin Q", "firstName": "Qifan", "lastName": "Lin", "initials": "Q", "authorAffiliationDetailsList": {"authorAffiliation": {"affiliation": "Laboratory for Climate and Ocean-Atmosphere Studies, Department of Atmospheric and Oceanic Sciences, School of Physics, Peking University, Beijing, China."}}}, {"fullName": "Bao X", "firstName": "Xiujuan", "lastName": "Bao", "initials": "X", "authorId": {"@type": "ORCID", "#text": "0000-0003-3681-2089"}, "authorAffiliationDetailsList": {"authorAffiliation": {"affiliation": "Laboratory for Climate and Ocean-Atmosphere Studies, Department of Atmospheric and Oceanic Sciences, School of Physics, Peking University, Beijing, China."}}}, {"fullName": "Wei M", "firstName": "Mengyu", "lastName": "Wei", "initials": "M", "authorId": {"@type": "ORCID", "#text": "0000-0002-0588-6600"}, "authorAffiliationDetailsList": {"authorAffiliation": {"affiliation": "Laboratory for Climate and Ocean-Atmosphere Studies, Department of Atmospheric and Oceanic Sciences, School of Physics, Peking University, Beijing, China."}}}, {"fullName": "Li Z", "firstName": "Zhibo", "lastName": "Li", "initials": "Z", "authorId": {"@type": "ORCID", "#text": "0000-0001-9135-1583"}, "authorAffiliationDetailsList": {"authorAffiliation": {"affiliation": "Laboratory for Climate and Ocean-Atmosphere Studies, Department of Atmospheric and Oceanic Sciences, School of Physics, Peking University, Beijing, China."}}}, {"fullName": "Man K", "firstName": "Kai", "lastName": "Man", "initials": "K", "authorId": {"@type": "ORCID", "#text": "0000-0001-7026-1714"}, "authorAffiliationDetailsList": {"authorAffiliation": {"affiliation": "Laboratory for Climate and Ocean-Atmosphere Studies, Department of Atmospheric and Oceanic Sciences, School of Physics, Peking University, Beijing, China."}}}, {"fullName": "Yin Z", "firstName": "Zihan", "lastName": "Yin", "initials": "Z", "authorAffiliationDetailsList": {"authorAffiliation": {"affiliation": "Laboratory for Climate and Ocean-Atmosphere Studies, Department of Atmospheric and Oceanic Sciences, School of Physics, Peking University, Beijing, China."}}}]}, "authorIdList": {"authorId": [{"@type": "ORCID", "#text": "0000-0001-5206-9198"}, {"@type": "ORCID", "#text": "0000-0001-6031-2485"}, {"@type": "ORCID", "#text": "0000-0001-7026-1714"}, {"@type": "ORCID", "#text": "0000-0001-8670-9499"}, {"@type": "ORCID", "#text": "0000-0001-8844-2185"}, {"@type": "ORCID", "#text": "0000-0001-9076-3551"}, {"@type": "ORCID", "#text": "0000-0001-9135-1583"}, {"@type": "ORCID", "#text": "0000-0002-0588-6600"}, {"@type": "ORCID", "#text": "0000-0002-3717-0199"}, {"@type": "ORCID", "#text": "0000-0002-4003-4630"}, {"@type": "ORCID", "#text": "0000-0002-8154-4899"}, {"@type": "ORCID", "#text": "0000-0002-9829-8604"}, {"@type": "ORCID", "#text": "0000-0003-3681-2089"}]}, "dataLinksTagsList": {"dataLinkstag": ["altmetrics", "supporting_data"]}, "journalInfo": {"issue": "10", "volume": "9", "journalIssueId": "3521644", "dateOfPublication": "2023 Mar", "monthOfPublication": "3", "yearOfPublication": "2023", "printPublicationDate": "2023-03-01", "journal": {"title": "Science advances", "ISOAbbreviation": "Sci Adv", "medlineAbbreviation": "Sci Adv", "NLMid": "101653440", "ISSN": "2375-2548", "ESSN": "2375-2548"}}, "pubYear": "2023", "pageInfo": "eadf7209", "abstractText": "Shifts in the position of the intertropical convergence zone (ITCZ) have great importance for weather, climate, and society. The ITCZ shifts have been extensively studied in current and future warmer climate; however, little is known for its migration in the past on geological time scales. Using an ensemble of climate simulations over the past 540 million years, we show that ITCZ migrations are controlled primarily by continental configuration through two competing pathways: hemispheric radiation asymmetry and cross-equatorial ocean heat transport. The hemispheric asymmetry of absorbed solar radiation is produced mainly by land-ocean albedo contrast, which can be predicted using only the landmass distribution. The cross-equatorial ocean heat transport is strongly associated with the hemispheric asymmetry of surface wind stress, which is, in turn, controlled by the hemispheric asymmetry of ocean surface area. These results allow the influence of continental evolution on global ocean-atmosphere circulations to be understood through simple mechanisms that depend primarily on the latitudinal distribution of land.", "affiliation": "Laboratory for Climate and Ocean-Atmosphere Studies, Department of Atmospheric and Oceanic Sciences, School of Physics, Peking University, Beijing, China.", "publicationStatus": "ppublish", "language": "eng", "pubModel": "Print-Electronic", "pubTypeList": {"pubType": ["research-article", "Journal Article"]}, "subsetList": {"subset": {"code": "IM", "name": "Index Medicus"}}, "fullTextUrlList": {"fullTextUrl": [{"availability": "Subscription required", "availabilityCode": "S", "documentStyle": "doi", "site": "DOI", "url": "https://doi.org/10.1126/sciadv.adf7209"}, {"availability": "Open access", "availabilityCode": "OA", "documentStyle": "html", "site": "Europe_PMC", "url": "https://europepmc.org/articles/PMC9995037"}, {"availability": "Open access", "availabilityCode": "OA", "documentStyle": "pdf", "site": "Europe_PMC", "url": "https://europepmc.org/articles/PMC9995037?pdf=render"}]}, "isOpenAccess": "Y", "inEPMC": "Y", "inPMC": "Y", "hasPDF": "Y", "hasBook": "N", "hasSuppl": "Y", "citedByCount": "2", "hasData": "Y", "hasReferences": "Y", "hasTextMinedTerms": "Y", "hasDbCrossReferences": "N", "hasLabsLinks": "Y", "license": "cc by-nc", "hasEvaluations": "N", "authMan": "N", "epmcAuthMan": "N", "nihAuthMan": "N", "hasTMAccessionNumbers": "Y", "tmAccessionTypeList": {"accessionType": "doi"}, "dateOfCompletion": "2023-03-09", "dateOfCreation": "2023-03-08", "firstIndexDate": "2023-03-09", "fullTextReceivedDate": "2023-03-10", "dateOfRevision": "2023-03-11", "electronicPublicationDate": "2023-03-08", "firstPublicationDate": "2023-03-08"}, "PMC10078506": {"downloaded": true, "pdfdownloaded": true, "jsondownloaded": true, "csvmade": false, "htmlmade": false, "id": "37035631", "source": "MED", "pmid": "37035631", "pmcid": "PMC10078506", "fullTextIdList": {"fullTextId": "PMC10078506"}, "doi": "10.1029/2022ms002999", "title": "Estimating Ocean Heat Uptake Using Boundary Green's Functions: A Perfect-Model Test of the Method.", "authorString": "Wu Q, Gregory JM.", "authorList": {"author": [{"fullName": "Wu Q", "firstName": "Quran", "lastName": "Wu", "initials": "Q", "authorId": {"@type": "ORCID", "#text": "0000-0002-0686-8922"}, "authorAffiliationDetailsList": {"authorAffiliation": {"affiliation": "National Centre for Atmospheric Science University of Reading Reading UK."}}}, {"fullName": "Gregory JM", "firstName": "Jonathan M", "lastName": "Gregory", "initials": "JM", "authorId": {"@type": "ORCID", "#text": "0000-0003-1296-8644"}, "authorAffiliationDetailsList": {"authorAffiliation": [{"affiliation": "National Centre for Atmospheric Science University of Reading Reading UK."}, {"affiliation": "Met Office Hadley Centre Exeter UK."}]}}]}, "authorIdList": {"authorId": [{"@type": "ORCID", "#text": "0000-0002-0686-8922"}, {"@type": "ORCID", "#text": "0000-0003-1296-8644"}]}, "dataLinksTagsList": {"dataLinkstag": "altmetrics"}, "journalInfo": {"issue": "12", "volume": "14", "journalIssueId": "3540201", "dateOfPublication": "2022 Dec", "monthOfPublication": "12", "yearOfPublication": "2022", "printPublicationDate": "2022-12-01", "journal": {"title": "Journal of advances in modeling earth systems", "ISOAbbreviation": "J Adv Model Earth Syst", "medlineAbbreviation": "J Adv Model Earth Syst", "NLMid": "101691496", "ISSN": "1942-2466", "ESSN": "1942-2466"}}, "pubYear": "2022", "pageInfo": "e2022MS002999", "abstractText": "Ocean heat uptake is caused by \"excess heat\" being added to the ocean surface by air-sea fluxes and then carried to depths by ocean transports. One way to estimate excess heat in the ocean is to propagate observed sea surface temperature (SST) anomalies downward using a Green's function (GF) representation of ocean transports. Taking a \"perfect-model\" approach, we test this GF method using a historical simulation, in which the true excess heat is diagnosed. We derive GFs from two approaches: (a) simulating GFs using idealized tracers, and (b) inferring GFs from simulated CFCs and climatological tracers. In the model world, we find that combining simulated GFs with SST anomalies reconstructs the Indo-Pacific excess heat with a root-mean-square error of 26% for depth-integrated changes; the corresponding number is 34% for inferred GFs. Simulated GFs are inaccurate because they are coarse grained in space and time to reduce computational cost. Inferred GFs are inaccurate because observations are insufficient constraints. Both kinds of GFs neglect the slowdown of the North Atlantic heat uptake as the ocean warms up. SST boundary conditions contain redistributive cooling in the Southern Ocean, which causes an underestimate of heat uptake there. All these errors are of comparable magnitude, and tend to compensate each other partially. Inferred excess heat is not sensitive to: (a) small changes in the shape of prior GFs, or (b) additional constraints from SF<sub>6</sub> and bomb <sup>14</sup>C.", "affiliation": "National Centre for Atmospheric Science University of Reading Reading UK.", "publicationStatus": "ppublish", "language": "eng", "pubModel": "Print-Electronic", "pubTypeList": {"pubType": ["research-article", "Journal Article"]}, "grantsList": {"grant": [{"grantId": "786427", "agency": "European Research Council", "orderIn": "0"}, {"grantId": "ncas10014", "agency": "Natural Environment Research Council", "orderIn": "0"}, {"grantId": "786427", "agency": "Horizon Europe European Research Council", "orderIn": "0"}, {"grantId": "NE/P019099/1", "agency": "Natural Environment Research Council", "orderIn": "0"}]}, "keywordList": {"keyword": ["Maximum Entropy", "Green's Function", "Ocean Heat Uptake", "Passive Tracer"]}, "fullTextUrlList": {"fullTextUrl": [{"availability": "Subscription required", "availabilityCode": "S", "documentStyle": "doi", "site": "DOI", "url": "https://doi.org/10.1029/2022MS002999"}, {"availability": "Open access", "availabilityCode": "OA", "documentStyle": "html", "site": "Europe_PMC", "url": "https://europepmc.org/articles/PMC10078506"}, {"availability": "Open access", "availabilityCode": "OA", "documentStyle": "pdf", "site": "Europe_PMC", "url": "https://europepmc.org/articles/PMC10078506?pdf=render"}]}, "isOpenAccess": "Y", "inEPMC": "Y", "inPMC": "Y", "hasPDF": "Y", "hasBook": "N", "hasSuppl": "N", "citedByCount": "3", "hasData": "N", "hasReferences": "Y", "hasTextMinedTerms": "Y", "hasDbCrossReferences": "N", "hasLabsLinks": "Y", "license": "cc by", "hasEvaluations": "N", "authMan": "N", "epmcAuthMan": "N", "nihAuthMan": "N", "hasTMAccessionNumbers": "N", "dateOfCreation": "2023-04-10", "firstIndexDate": "2023-04-11", "fullTextReceivedDate": "2023-04-08", "dateOfRevision": "2023-04-11", "electronicPublicationDate": "2022-12-21", "firstPublicationDate": "2022-12-21"}}}